"keyword","cluster","intent","target_url","priority","language","audience","evidence_status","content_basis","content_action","measurement_status","research_date"
"skillbun","brand","navigational","https://skillbun.tech/","P1","English","tech students and self-taught learners","candidate_product_grounded","app/page.jsx; app/about/page.jsx","Check public answer and use natural wording; preserve existing journey","not_measured","2026-10-03"
"skill bun","brand","navigational","https://skillbun.tech/","P1","English","tech students and self-taught learners","candidate_product_grounded","app/page.jsx; app/about/page.jsx","Check public answer and use natural wording; preserve existing journey","not_measured","2026-10-03"
"skillbun career guidance","brand","navigational","https://skillbun.tech/","P1","English","tech students and self-taught learners","candidate_product_grounded","app/page.jsx; app/about/page.jsx","Check public answer and use natural wording; preserve existing journey","not_measured","2026-10-03"
"skillbun roadmaps","brand","navigational","https://skillbun.tech/","P1","English","tech students and self-taught learners","candidate_product_grounded","app/page.jsx; app/about/page.jsx","Check public answer and use natural wording; preserve existing journey","not_measured","2026-10-03"
"free tech career guidance platform","brand","navigational","https://skillbun.tech/","P1","English","tech students and self-taught learners","candidate_product_grounded","app/page.jsx; app/about/page.jsx","Check public answer and use natural wording; preserve existing journey","not_measured","2026-10-03"
"ai career guidance for students","career_discovery","informational","https://skillbun.tech/career-guidance","P1","English","tech students and self-taught learners","candidate_product_grounded","app/career-guidance/page.jsx; app/page.jsx; app/about/page.jsx","Public guide must explain audience; quiz method; limitations; and links to onboarding and relevant roadmaps","not_measured","2026-10-03"
"tech career guidance","career_discovery","informational","https://skillbun.tech/career-guidance","P1","English","tech students and self-taught learners","candidate_product_grounded","app/career-guidance/page.jsx; app/page.jsx; app/about/page.jsx","Public guide must explain audience; quiz method; limitations; and links to onboarding and relevant roadmaps","not_measured","2026-10-03"
"free career guidance for computer science students","career_discovery","informational","https://skillbun.tech/career-guidance","P1","English","tech students and self-taught learners","candidate_product_grounded","app/career-guidance/page.jsx; app/page.jsx; app/about/page.jsx","Public guide must explain audience; quiz method; limitations; and links to onboarding and relevant roadmaps","not_measured","2026-10-03"
"career guidance for software engineering students","career_discovery","informational","https://skillbun.tech/career-guidance","P1","English","tech students and self-taught learners","candidate_product_grounded","app/career-guidance/page.jsx; app/page.jsx; app/about/page.jsx","Public guide must explain audience; quiz method; limitations; and links to onboarding and relevant roadmaps","not_measured","2026-10-03"
"computer science career options","career_discovery","informational","https://skillbun.tech/career-guidance","P1","English","tech students and self-taught learners","candidate_product_grounded","app/career-guidance/page.jsx; app/page.jsx; app/about/page.jsx","Public guide must explain audience; quiz method; limitations; and links to onboarding and relevant roadmaps","not_measured","2026-10-03"
"how to choose a tech career","career_discovery","informational","https://skillbun.tech/career-guidance","P1","English","tech students and self-taught learners","candidate_product_grounded","app/career-guidance/page.jsx; app/page.jsx; app/about/page.jsx","Public guide must explain audience; quiz method; limitations; and links to onboarding and relevant roadmaps","not_measured","2026-10-03"
"which tech career is right for me","career_discovery","informational","https://skillbun.tech/career-guidance","P1","English","tech students and self-taught learners","candidate_product_grounded","app/career-guidance/page.jsx; app/page.jsx; app/about/page.jsx","Public guide must explain audience; quiz method; limitations; and links to onboarding and relevant roadmaps","not_measured","2026-10-03"
"career guidance for self taught developers","career_discovery","informational","https://skillbun.tech/career-guidance","P1","English","tech students and self-taught learners","candidate_product_grounded","app/career-guidance/page.jsx; app/page.jsx; app/about/page.jsx","Public guide must explain audience; quiz method; limitations; and links to onboarding and relevant roadmaps","not_measured","2026-10-03"
"career planning for computer science students","career_discovery","informational","https://skillbun.tech/career-guidance","P1","English","tech students and self-taught learners","candidate_product_grounded","app/career-guidance/page.jsx; app/page.jsx; app/about/page.jsx","Public guide must explain audience; quiz method; limitations; and links to onboarding and relevant roadmaps","not_measured","2026-10-03"
"personalized tech career guidance","career_discovery","informational","https://skillbun.tech/career-guidance","P1","English","tech students and self-taught learners","candidate_product_grounded","app/career-guidance/page.jsx; app/page.jsx; app/about/page.jsx","Public guide must explain audience; quiz method; limitations; and links to onboarding and relevant roadmaps","not_measured","2026-10-03"
"ai career counsellor for tech students","career_discovery","informational","https://skillbun.tech/career-guidance","P1","English","tech students and self-taught learners","candidate_product_grounded","app/career-guidance/page.jsx; app/page.jsx; app/about/page.jsx","Public guide must explain audience; quiz method; limitations; and links to onboarding and relevant roadmaps","not_measured","2026-10-03"
"ai career counselor for students","career_discovery","informational","https://skillbun.tech/career-guidance","P1","English","tech students and self-taught learners","candidate_product_grounded","app/career-guidance/page.jsx; app/page.jsx; app/about/page.jsx","Public guide must explain audience; quiz method; limitations; and links to onboarding and relevant roadmaps","not_measured","2026-10-03"
"free ai career counselling for tech students","career_discovery","informational","https://skillbun.tech/career-guidance","P1","English","tech students and self-taught learners","candidate_product_grounded","app/career-guidance/page.jsx; app/page.jsx; app/about/page.jsx","Public guide must explain audience; quiz method; limitations; and links to onboarding and relevant roadmaps","not_measured","2026-10-03"
"tech career quiz","career_discovery","informational","https://skillbun.tech/career-guidance","P1","English","tech students and self-taught learners","candidate_product_grounded","app/career-guidance/page.jsx; app/page.jsx; app/about/page.jsx","Public guide must explain audience; quiz method; limitations; and links to onboarding and relevant roadmaps","not_measured","2026-10-03"
"free tech career quiz","career_discovery","informational","https://skillbun.tech/career-guidance","P1","English","tech students and self-taught learners","candidate_product_grounded","app/career-guidance/page.jsx; app/page.jsx; app/about/page.jsx","Public guide must explain audience; quiz method; limitations; and links to onboarding and relevant roadmaps","not_measured","2026-10-03"
"career discovery quiz for students","career_discovery","informational","https://skillbun.tech/career-guidance","P1","English","tech students and self-taught learners","candidate_product_grounded","app/career-guidance/page.jsx; app/page.jsx; app/about/page.jsx","Public guide must explain audience; quiz method; limitations; and links to onboarding and relevant roadmaps","not_measured","2026-10-03"
"ai career quiz for computer science students","career_discovery","informational","https://skillbun.tech/career-guidance","P1","English","tech students and self-taught learners","candidate_product_grounded","app/career-guidance/page.jsx; app/page.jsx; app/about/page.jsx","Public guide must explain audience; quiz method; limitations; and links to onboarding and relevant roadmaps","not_measured","2026-10-03"
"career recommendation quiz","career_discovery","informational","https://skillbun.tech/career-guidance","P1","English","tech students and self-taught learners","candidate_product_grounded","app/career-guidance/page.jsx; app/page.jsx; app/about/page.jsx","Public guide must explain audience; quiz method; limitations; and links to onboarding and relevant roadmaps","not_measured","2026-10-03"
"how to choose a programming career","career_discovery","informational","https://skillbun.tech/career-guidance","P1","English","tech students and self-taught learners","candidate_product_grounded","app/career-guidance/page.jsx; app/page.jsx; app/about/page.jsx","Public guide must explain audience; quiz method; limitations; and links to onboarding and relevant roadmaps","not_measured","2026-10-03"
"how to find my interest in computer science","career_discovery","informational","https://skillbun.tech/career-guidance","P1","English","tech students and self-taught learners","candidate_product_grounded","app/career-guidance/page.jsx; app/page.jsx; app/about/page.jsx","Public guide must explain audience; quiz method; limitations; and links to onboarding and relevant roadmaps","not_measured","2026-10-03"
"developer roadmaps","roadmap_directory","informational","https://skillbun.tech/roadmap","P1","English","tech students and self-taught learners","candidate_product_grounded","app/roadmap/page.jsx; public/data/roadmaps/*.json","Use the public directory with crawlable links to the distinct role roadmaps","not_measured","2026-10-03"
"free tech career roadmaps","roadmap_directory","informational","https://skillbun.tech/roadmap","P1","English","tech students and self-taught learners","candidate_product_grounded","app/roadmap/page.jsx; public/data/roadmaps/*.json","Use the public directory with crawlable links to the distinct role roadmaps","not_measured","2026-10-03"
"computer science learning paths","roadmap_directory","informational","https://skillbun.tech/roadmap","P1","English","tech students and self-taught learners","candidate_product_grounded","app/roadmap/page.jsx; public/data/roadmaps/*.json","Use the public directory with crawlable links to the distinct role roadmaps","not_measured","2026-10-03"
"software developer learning paths","roadmap_directory","informational","https://skillbun.tech/roadmap","P1","English","tech students and self-taught learners","candidate_product_grounded","app/roadmap/page.jsx; public/data/roadmaps/*.json","Use the public directory with crawlable links to the distinct role roadmaps","not_measured","2026-10-03"
"programming career roadmap","roadmap_directory","informational","https://skillbun.tech/roadmap","P1","English","tech students and self-taught learners","candidate_product_grounded","app/roadmap/page.jsx; public/data/roadmaps/*.json","Use the public directory with crawlable links to the distinct role roadmaps","not_measured","2026-10-03"
"tech learning roadmap","roadmap_directory","informational","https://skillbun.tech/roadmap","P1","English","tech students and self-taught learners","candidate_product_grounded","app/roadmap/page.jsx; public/data/roadmaps/*.json","Use the public directory with crawlable links to the distinct role roadmaps","not_measured","2026-10-03"
"free coding roadmaps","roadmap_directory","informational","https://skillbun.tech/roadmap","P1","English","tech students and self-taught learners","candidate_product_grounded","app/roadmap/page.jsx; public/data/roadmaps/*.json","Use the public directory with crawlable links to the distinct role roadmaps","not_measured","2026-10-03"
"career roadmaps for students","roadmap_directory","informational","https://skillbun.tech/roadmap","P1","English","tech students and self-taught learners","candidate_product_grounded","app/roadmap/page.jsx; public/data/roadmaps/*.json","Use the public directory with crawlable links to the distinct role roadmaps","not_measured","2026-10-03"
"software engineering roadmaps","roadmap_directory","informational","https://skillbun.tech/roadmap","P1","English","tech students and self-taught learners","candidate_product_grounded","app/roadmap/page.jsx; public/data/roadmaps/*.json","Use the public directory with crawlable links to the distinct role roadmaps","not_measured","2026-10-03"
"step by step developer roadmap","roadmap_directory","informational","https://skillbun.tech/roadmap","P1","English","tech students and self-taught learners","candidate_product_grounded","app/roadmap/page.jsx; public/data/roadmaps/*.json","Use the public directory with crawlable links to the distinct role roadmaps","not_measured","2026-10-03"
"technology career paths","roadmap_directory","informational","https://skillbun.tech/roadmap","P1","English","tech students and self-taught learners","candidate_product_grounded","app/roadmap/page.jsx; public/data/roadmaps/*.json","Use the public directory with crawlable links to the distinct role roadmaps","not_measured","2026-10-03"
"web development learning paths","roadmap_directory","informational","https://skillbun.tech/roadmap","P1","English","tech students and self-taught learners","candidate_product_grounded","app/roadmap/page.jsx; public/data/roadmaps/*.json","Use the public directory with crawlable links to the distinct role roadmaps","not_measured","2026-10-03"
"ai and data career roadmaps","roadmap_directory","informational","https://skillbun.tech/roadmap","P1","English","tech students and self-taught learners","candidate_product_grounded","app/roadmap/page.jsx; public/data/roadmaps/*.json","Use the public directory with crawlable links to the distinct role roadmaps","not_measured","2026-10-03"
"cloud and devops learning paths","roadmap_directory","informational","https://skillbun.tech/roadmap","P1","English","tech students and self-taught learners","candidate_product_grounded","app/roadmap/page.jsx; public/data/roadmaps/*.json","Use the public directory with crawlable links to the distinct role roadmaps","not_measured","2026-10-03"
"what is skillbun","brand_trust","navigational","https://skillbun.tech/about","P1","English","tech students and self-taught learners","candidate_product_grounded","app/about/page.jsx","Explain product; team; free SkillBun access; and separate third-party resource terms","not_measured","2026-10-03"
"is skillbun free","brand_trust","navigational","https://skillbun.tech/about","P1","English","tech students and self-taught learners","candidate_product_grounded","app/about/page.jsx","Explain product; team; free SkillBun access; and separate third-party resource terms","not_measured","2026-10-03"
"about skillbun","brand_trust","navigational","https://skillbun.tech/about","P1","English","tech students and self-taught learners","candidate_product_grounded","app/about/page.jsx","Explain product; team; free SkillBun access; and separate third-party resource terms","not_measured","2026-10-03"
"skillbun contact","brand_contact","navigational","https://skillbun.tech/contact","P1","English","tech students and self-taught learners","candidate_product_grounded","app/contact/page.jsx","Keep verified contact details and real inbound address","not_measured","2026-10-03"
"contact skillbun","brand_contact","navigational","https://skillbun.tech/contact","P1","English","tech students and self-taught learners","candidate_product_grounded","app/contact/page.jsx","Keep verified contact details and real inbound address","not_measured","2026-10-03"
"skillbun certificate verification","credential_verification","navigational","https://skillbun.tech/certificate","P1","English","tech students and self-taught learners","candidate_product_grounded","app/certificate/page.jsx","Target public lookup; never index private recipient data or individual credential details","not_measured","2026-10-03"
"verify skillbun certificate","credential_verification","navigational","https://skillbun.tech/certificate","P1","English","tech students and self-taught learners","candidate_product_grounded","app/certificate/page.jsx","Target public lookup; never index private recipient data or individual credential details","not_measured","2026-10-03"
"skillbun certificate id check","credential_verification","navigational","https://skillbun.tech/certificate","P1","English","tech students and self-taught learners","candidate_product_grounded","app/certificate/page.jsx","Target public lookup; never index private recipient data or individual credential details","not_measured","2026-10-03"
"skillbun digital certificate verification","credential_verification","navigational","https://skillbun.tech/certificate","P1","English","tech students and self-taught learners","candidate_product_grounded","app/certificate/page.jsx","Target public lookup; never index private recipient data or individual credential details","not_measured","2026-10-03"
"how to verify a skillbun certificate","credential_verification","navigational","https://skillbun.tech/certificate","P1","English","tech students and self-taught learners","candidate_product_grounded","app/certificate/page.jsx","Target public lookup; never index private recipient data or individual credential details","not_measured","2026-10-03"
"computer science project ideas","portfolio_projects","informational","https://skillbun.tech/projects","P1","English","tech students and self-taught learners","candidate_product_grounded","app/projects/page.jsx; public/data/projects_curated.json","Describe available briefs and deliverables; link related roadmaps; do not promise complete source code","not_measured","2026-10-03"
"developer portfolio project ideas","portfolio_projects","informational","https://skillbun.tech/projects","P1","English","tech students and self-taught learners","candidate_product_grounded","app/projects/page.jsx; public/data/projects_curated.json","Describe available briefs and deliverables; link related roadmaps; do not promise complete source code","not_measured","2026-10-03"
"software engineering capstone project ideas","portfolio_projects","informational","https://skillbun.tech/projects","P1","English","tech students and self-taught learners","candidate_product_grounded","app/projects/page.jsx; public/data/projects_curated.json","Describe available briefs and deliverables; link related roadmaps; do not promise complete source code","not_measured","2026-10-03"
"coding project ideas for students","portfolio_projects","informational","https://skillbun.tech/projects","P1","English","tech students and self-taught learners","candidate_product_grounded","app/projects/page.jsx; public/data/projects_curated.json","Describe available briefs and deliverables; link related roadmaps; do not promise complete source code","not_measured","2026-10-03"
"frontend portfolio projects","portfolio_projects","informational","https://skillbun.tech/projects","P1","English","tech students and self-taught learners","candidate_product_grounded","app/projects/page.jsx; public/data/projects_curated.json","Describe available briefs and deliverables; link related roadmaps; do not promise complete source code","not_measured","2026-10-03"
"backend project ideas","portfolio_projects","informational","https://skillbun.tech/projects","P1","English","tech students and self-taught learners","candidate_product_grounded","app/projects/page.jsx; public/data/projects_curated.json","Describe available briefs and deliverables; link related roadmaps; do not promise complete source code","not_measured","2026-10-03"
"full stack project ideas","portfolio_projects","informational","https://skillbun.tech/projects","P1","English","tech students and self-taught learners","candidate_product_grounded","app/projects/page.jsx; public/data/projects_curated.json","Describe available briefs and deliverables; link related roadmaps; do not promise complete source code","not_measured","2026-10-03"
"machine learning portfolio project ideas","portfolio_projects","informational","https://skillbun.tech/projects","P1","English","tech students and self-taught learners","candidate_product_grounded","app/projects/page.jsx; public/data/projects_curated.json","Describe available briefs and deliverables; link related roadmaps; do not promise complete source code","not_measured","2026-10-03"
"devops project ideas","portfolio_projects","informational","https://skillbun.tech/projects","P1","English","tech students and self-taught learners","candidate_product_grounded","app/projects/page.jsx; public/data/projects_curated.json","Describe available briefs and deliverables; link related roadmaps; do not promise complete source code","not_measured","2026-10-03"
"flutter project ideas","portfolio_projects","informational","https://skillbun.tech/projects","P1","English","tech students and self-taught learners","candidate_product_grounded","app/projects/page.jsx; public/data/projects_curated.json","Describe available briefs and deliverables; link related roadmaps; do not promise complete source code","not_measured","2026-10-03"
"android project ideas","portfolio_projects","informational","https://skillbun.tech/projects","P1","English","tech students and self-taught learners","candidate_product_grounded","app/projects/page.jsx; public/data/projects_curated.json","Describe available briefs and deliverables; link related roadmaps; do not promise complete source code","not_measured","2026-10-03"
"cybersecurity lab project ideas","portfolio_projects","informational","https://skillbun.tech/projects","P1","English","tech students and self-taught learners","candidate_product_grounded","app/projects/page.jsx; public/data/projects_curated.json","Describe available briefs and deliverables; link related roadmaps; do not promise complete source code","not_measured","2026-10-03"
"data science project ideas","portfolio_projects","informational","https://skillbun.tech/projects","P1","English","tech students and self-taught learners","candidate_product_grounded","app/projects/page.jsx; public/data/projects_curated.json","Describe available briefs and deliverables; link related roadmaps; do not promise complete source code","not_measured","2026-10-03"
"react portfolio website project","specific_project_ideas","informational","https://skillbun.tech/projects","P2","English","tech students and self-taught learners","candidate_product_grounded","public/data/projects_curated.json: 14 existing project briefs","Improve public project brief detail before targeting deep implementation questions; no separate URL per filter","not_measured","2026-10-03"
"kanban board react project idea","specific_project_ideas","informational","https://skillbun.tech/projects","P2","English","tech students and self-taught learners","candidate_product_grounded","public/data/projects_curated.json: 14 existing project briefs","Improve public project brief detail before targeting deep implementation questions; no separate URL per filter","not_measured","2026-10-03"
"ecommerce rest api project","specific_project_ideas","informational","https://skillbun.tech/projects","P2","English","tech students and self-taught learners","candidate_product_grounded","public/data/projects_curated.json: 14 existing project briefs","Improve public project brief detail before targeting deep implementation questions; no separate URL per filter","not_measured","2026-10-03"
"ai code review assistant project","specific_project_ideas","informational","https://skillbun.tech/projects","P2","English","tech students and self-taught learners","candidate_product_grounded","public/data/projects_curated.json: 14 existing project briefs","Improve public project brief detail before targeting deep implementation questions; no separate URL per filter","not_measured","2026-10-03"
"rag document question answering project","specific_project_ideas","informational","https://skillbun.tech/projects","P2","English","tech students and self-taught learners","candidate_product_grounded","public/data/projects_curated.json: 14 existing project briefs","Improve public project brief detail before targeting deep implementation questions; no separate URL per filter","not_measured","2026-10-03"
"ppe detection computer vision project","specific_project_ideas","informational","https://skillbun.tech/projects","P2","English","tech students and self-taught learners","candidate_product_grounded","public/data/projects_curated.json: 14 existing project briefs","Improve public project brief detail before targeting deep implementation questions; no separate URL per filter","not_measured","2026-10-03"
"kubernetes gitops project","specific_project_ideas","informational","https://skillbun.tech/projects","P2","English","tech students and self-taught learners","candidate_product_grounded","public/data/projects_curated.json: 14 existing project briefs","Improve public project brief detail before targeting deep implementation questions; no separate URL per filter","not_measured","2026-10-03"
"terraform cloud infrastructure project","specific_project_ideas","informational","https://skillbun.tech/projects","P2","English","tech students and self-taught learners","candidate_product_grounded","public/data/projects_curated.json: 14 existing project briefs","Improve public project brief detail before targeting deep implementation questions; no separate URL per filter","not_measured","2026-10-03"
"flutter fitness tracker project","specific_project_ideas","informational","https://skillbun.tech/projects","P2","English","tech students and self-taught learners","candidate_product_grounded","public/data/projects_curated.json: 14 existing project briefs","Improve public project brief detail before targeting deep implementation questions; no separate URL per filter","not_measured","2026-10-03"
"jetpack compose weather app project","specific_project_ideas","informational","https://skillbun.tech/projects","P2","English","tech students and self-taught learners","candidate_product_grounded","public/data/projects_curated.json: 14 existing project briefs","Improve public project brief detail before targeting deep implementation questions; no separate URL per filter","not_measured","2026-10-03"
"home soc siem lab project","specific_project_ideas","informational","https://skillbun.tech/projects","P2","English","tech students and self-taught learners","candidate_product_grounded","public/data/projects_curated.json: 14 existing project briefs","Improve public project brief detail before targeting deep implementation questions; no separate URL per filter","not_measured","2026-10-03"
"python web vulnerability scanner project","specific_project_ideas","informational","https://skillbun.tech/projects","P2","English","tech students and self-taught learners","candidate_product_grounded","public/data/projects_curated.json: 14 existing project briefs","Improve public project brief detail before targeting deep implementation questions; no separate URL per filter","not_measured","2026-10-03"
"airflow data pipeline project","specific_project_ideas","informational","https://skillbun.tech/projects","P2","English","tech students and self-taught learners","candidate_product_grounded","public/data/projects_curated.json: 14 existing project briefs","Improve public project brief detail before targeting deep implementation questions; no separate URL per filter","not_measured","2026-10-03"
"customer churn prediction project","specific_project_ideas","informational","https://skillbun.tech/projects","P2","English","tech students and self-taught learners","candidate_product_grounded","public/data/projects_curated.json: 14 existing project briefs","Improve public project brief detail before targeting deep implementation questions; no separate URL per filter","not_measured","2026-10-03"
"tech career guidance for students in india","india_student_guidance","informational","https://skillbun.tech/career-guidance","P3","English","India-based CS and IT students","candidate_content_gap","Tech-student audience is supported; degree-specific and India-specific answer depth needs review","Add a useful reviewed audience-specific explanation first; avoid admissions or hiring guarantees","not_measured","2026-10-03"
"career guidance for btech cse students","india_student_guidance","informational","https://skillbun.tech/career-guidance","P3","English","India-based CS and IT students","candidate_content_gap","Tech-student audience is supported; degree-specific and India-specific answer depth needs review","Add a useful reviewed audience-specific explanation first; avoid admissions or hiring guarantees","not_measured","2026-10-03"
"career guidance for bca students","india_student_guidance","informational","https://skillbun.tech/career-guidance","P3","English","India-based CS and IT students","candidate_content_gap","Tech-student audience is supported; degree-specific and India-specific answer depth needs review","Add a useful reviewed audience-specific explanation first; avoid admissions or hiring guarantees","not_measured","2026-10-03"
"tech career options after bca","india_student_guidance","informational","https://skillbun.tech/career-guidance","P3","English","India-based CS and IT students","candidate_content_gap","Tech-student audience is supported; degree-specific and India-specific answer depth needs review","Add a useful reviewed audience-specific explanation first; avoid admissions or hiring guarantees","not_measured","2026-10-03"
"tech career roadmap for indian students","india_student_guidance","informational","https://skillbun.tech/career-guidance","P3","English","India-based CS and IT students","candidate_content_gap","Tech-student audience is supported; degree-specific and India-specific answer depth needs review","Add a useful reviewed audience-specific explanation first; avoid admissions or hiring guarantees","not_measured","2026-10-03"
"software career guidance for college students in india","india_student_guidance","informational","https://skillbun.tech/career-guidance","P3","English","India-based CS and IT students","candidate_content_gap","Tech-student audience is supported; degree-specific and India-specific answer depth needs review","Add a useful reviewed audience-specific explanation first; avoid admissions or hiring guarantees","not_measured","2026-10-03"
"tech career kaise choose kare","hinglish_student_questions","informational","https://skillbun.tech/career-guidance","P3","Hinglish","Hindi-speaking tech students","candidate_content_gap","Candidate language opportunity; no separately indexable Hindi guide verified","Validate need and provide complete reviewed language coverage; do not stuff transliterations into English pages","not_measured","2026-10-03"
"coding kaha se shuru kare","hinglish_student_questions","informational","https://skillbun.tech/career-guidance","P3","Hinglish","Hindi-speaking tech students","candidate_content_gap","Candidate language opportunity; no separately indexable Hindi guide verified","Validate need and provide complete reviewed language coverage; do not stuff transliterations into English pages","not_measured","2026-10-03"
"computer science mein career kaise choose kare","hinglish_student_questions","informational","https://skillbun.tech/career-guidance","P3","Hinglish","Hindi-speaking tech students","candidate_content_gap","Candidate language opportunity; no separately indexable Hindi guide verified","Validate need and provide complete reviewed language coverage; do not stuff transliterations into English pages","not_measured","2026-10-03"
"bca ke baad tech career kaise choose kare","hinglish_student_questions","informational","https://skillbun.tech/career-guidance","P3","Hinglish","Hindi-speaking tech students","candidate_content_gap","Candidate language opportunity; no separately indexable Hindi guide verified","Validate need and provide complete reviewed language coverage; do not stuff transliterations into English pages","not_measured","2026-10-03"
"kaunsa programming career mere liye sahi hai","hinglish_student_questions","informational","https://skillbun.tech/career-guidance","P3","Hinglish","Hindi-speaking tech students","candidate_content_gap","Candidate language opportunity; no separately indexable Hindi guide verified","Validate need and provide complete reviewed language coverage; do not stuff transliterations into English pages","not_measured","2026-10-03"
"frontend vs backend career for students","career_comparisons","informational","https://skillbun.tech/career-guidance","P3","English","tech students and self-taught learners","candidate_content_gap","Related roadmap catalog entries exist; substantive comparisons require editorial coverage","Write real role comparisons with prerequisites and trial projects before targeting; link existing roadmaps","not_measured","2026-10-03"
"data analyst vs data scientist career path","career_comparisons","informational","https://skillbun.tech/career-guidance","P3","English","tech students and self-taught learners","candidate_content_gap","Related roadmap catalog entries exist; substantive comparisons require editorial coverage","Write real role comparisons with prerequisites and trial projects before targeting; link existing roadmaps","not_measured","2026-10-03"
"data engineer vs data analyst career path","career_comparisons","informational","https://skillbun.tech/career-guidance","P3","English","tech students and self-taught learners","candidate_content_gap","Related roadmap catalog entries exist; substantive comparisons require editorial coverage","Write real role comparisons with prerequisites and trial projects before targeting; link existing roadmaps","not_measured","2026-10-03"
"cybersecurity vs software development career","career_comparisons","informational","https://skillbun.tech/career-guidance","P3","English","tech students and self-taught learners","candidate_content_gap","Related roadmap catalog entries exist; substantive comparisons require editorial coverage","Write real role comparisons with prerequisites and trial projects before targeting; link existing roadmaps","not_measured","2026-10-03"
"ai ml vs data science career path","career_comparisons","informational","https://skillbun.tech/career-guidance","P3","English","tech students and self-taught learners","candidate_content_gap","Related roadmap catalog entries exist; substantive comparisons require editorial coverage","Write real role comparisons with prerequisites and trial projects before targeting; link existing roadmaps","not_measured","2026-10-03"
"machine learning engineer roadmap","roadmap_ai_ml_engineer","learning_path","https://skillbun.tech/roadmap/ai_ml_engineer","P1","English","tech students and self-taught learners","candidate_catalog_grounded","public/data/roadmaps/ai_ml_engineer.json: title; description; learn; tree","Review visible role overview; learning sequence; prerequisites; and topical resources. Use one canonical page for related terms","not_measured","2026-10-03"
"ai ml engineer learning path","roadmap_ai_ml_engineer","learning_path","https://skillbun.tech/roadmap/ai_ml_engineer","P1","English","tech students and self-taught learners","candidate_catalog_grounded","public/data/roadmaps/ai_ml_engineer.json: title; description; learn; tree","Review visible role overview; learning sequence; prerequisites; and topical resources. Use one canonical page for related terms","not_measured","2026-10-03"
"ai ml engineer skills to learn","roadmap_ai_ml_engineer","learning_path","https://skillbun.tech/roadmap/ai_ml_engineer","P1","English","tech students and self-taught learners","candidate_catalog_grounded","public/data/roadmaps/ai_ml_engineer.json: title; description; learn; tree","Review visible role overview; learning sequence; prerequisites; and topical resources. Use one canonical page for related terms","not_measured","2026-10-03"
"ai ml engineer prerequisites","roadmap_ai_ml_engineer","learning_path","https://skillbun.tech/roadmap/ai_ml_engineer","P1","English","tech students and self-taught learners","candidate_catalog_grounded","public/data/roadmaps/ai_ml_engineer.json: title; description; learn; tree","Review visible role overview; learning sequence; prerequisites; and topical resources. Use one canonical page for related terms","not_measured","2026-10-03"
"ai engineer learning path","roadmap_ai_ml_engineer","learning_path","https://skillbun.tech/roadmap/ai_ml_engineer","P1","English","tech students and self-taught learners","candidate_catalog_grounded","public/data/roadmaps/ai_ml_engineer.json: title; description; learn; tree","Review visible role overview; learning sequence; prerequisites; and topical resources. Use one canonical page for related terms","not_measured","2026-10-03"
"python machine learning roadmap","roadmap_ai_ml_engineer","learning_path","https://skillbun.tech/roadmap/ai_ml_engineer","P1","English","tech students and self-taught learners","candidate_catalog_grounded","public/data/roadmaps/ai_ml_engineer.json: title; description; learn; tree","Review visible role overview; learning sequence; prerequisites; and topical resources. Use one canonical page for related terms","not_measured","2026-10-03"
"ai research engineer roadmap","roadmap_ai_research_engineer","learning_path","https://skillbun.tech/roadmap/ai_research_engineer","P2","English","tech students and self-taught learners","candidate_catalog_grounded","public/data/roadmaps/ai_research_engineer.json: title; description; learn; tree","Review visible role overview; learning sequence; prerequisites; and topical resources. Use one canonical page for related terms","not_measured","2026-10-03"
"ai research engineer learning path","roadmap_ai_research_engineer","learning_path","https://skillbun.tech/roadmap/ai_research_engineer","P2","English","tech students and self-taught learners","candidate_catalog_grounded","public/data/roadmaps/ai_research_engineer.json: title; description; learn; tree","Review visible role overview; learning sequence; prerequisites; and topical resources. Use one canonical page for related terms","not_measured","2026-10-03"
"ai research engineer skills to learn","roadmap_ai_research_engineer","learning_path","https://skillbun.tech/roadmap/ai_research_engineer","P2","English","tech students and self-taught learners","candidate_catalog_grounded","public/data/roadmaps/ai_research_engineer.json: title; description; learn; tree","Review visible role overview; learning sequence; prerequisites; and topical resources. Use one canonical page for related terms","not_measured","2026-10-03"
"ai research engineer prerequisites","roadmap_ai_research_engineer","learning_path","https://skillbun.tech/roadmap/ai_research_engineer","P2","English","tech students and self-taught learners","candidate_catalog_grounded","public/data/roadmaps/ai_research_engineer.json: title; description; learn; tree","Review visible role overview; learning sequence; prerequisites; and topical resources. Use one canonical page for related terms","not_measured","2026-10-03"
"deep learning research roadmap","roadmap_ai_research_engineer","learning_path","https://skillbun.tech/roadmap/ai_research_engineer","P2","English","tech students and self-taught learners","candidate_catalog_grounded","public/data/roadmaps/ai_research_engineer.json: title; description; learn; tree","Review visible role overview; learning sequence; prerequisites; and topical resources. Use one canonical page for related terms","not_measured","2026-10-03"
"distributed model training learning path","roadmap_ai_research_engineer","learning_path","https://skillbun.tech/roadmap/ai_research_engineer","P2","English","tech students and self-taught learners","candidate_catalog_grounded","public/data/roadmaps/ai_research_engineer.json: title; description; learn; tree","Review visible role overview; learning sequence; prerequisites; and topical resources. Use one canonical page for related terms","not_measured","2026-10-03"
"analytics engineer roadmap","roadmap_analytics_engineer","learning_path","https://skillbun.tech/roadmap/analytics_engineer","P2","English","tech students and self-taught learners","candidate_catalog_grounded","public/data/roadmaps/analytics_engineer.json: title; description; learn; tree","Review visible role overview; learning sequence; prerequisites; and topical resources. Use one canonical page for related terms","not_measured","2026-10-03"
"analytics engineer learning path","roadmap_analytics_engineer","learning_path","https://skillbun.tech/roadmap/analytics_engineer","P2","English","tech students and self-taught learners","candidate_catalog_grounded","public/data/roadmaps/analytics_engineer.json: title; description; learn; tree","Review visible role overview; learning sequence; prerequisites; and topical resources. Use one canonical page for related terms","not_measured","2026-10-03"
"analytics engineer skills to learn","roadmap_analytics_engineer","learning_path","https://skillbun.tech/roadmap/analytics_engineer","P2","English","tech students and self-taught learners","candidate_catalog_grounded","public/data/roadmaps/analytics_engineer.json: title; description; learn; tree","Review visible role overview; learning sequence; prerequisites; and topical resources. Use one canonical page for related terms","not_measured","2026-10-03"
"analytics engineer prerequisites","roadmap_analytics_engineer","learning_path","https://skillbun.tech/roadmap/analytics_engineer","P2","English","tech students and self-taught learners","candidate_catalog_grounded","public/data/roadmaps/analytics_engineer.json: title; description; learn; tree","Review visible role overview; learning sequence; prerequisites; and topical resources. Use one canonical page for related terms","not_measured","2026-10-03"
"dbt learning roadmap","roadmap_analytics_engineer","learning_path","https://skillbun.tech/roadmap/analytics_engineer","P2","English","tech students and self-taught learners","candidate_catalog_grounded","public/data/roadmaps/analytics_engineer.json: title; description; learn; tree","Review visible role overview; learning sequence; prerequisites; and topical resources. Use one canonical page for related terms","not_measured","2026-10-03"
"analytics engineering with sql","roadmap_analytics_engineer","learning_path","https://skillbun.tech/roadmap/analytics_engineer","P2","English","tech students and self-taught learners","candidate_catalog_grounded","public/data/roadmaps/analytics_engineer.json: title; description; learn; tree","Review visible role overview; learning sequence; prerequisites; and topical resources. Use one canonical page for related terms","not_measured","2026-10-03"
"android developer roadmap","roadmap_android","learning_path","https://skillbun.tech/roadmap/android","P1","English","tech students and self-taught learners","candidate_catalog_grounded","public/data/roadmaps/android.json: title; description; learn; tree","Review visible role overview; learning sequence; prerequisites; and topical resources. Use one canonical page for related terms","not_measured","2026-10-03"
"android developer learning path","roadmap_android","learning_path","https://skillbun.tech/roadmap/android","P1","English","tech students and self-taught learners","candidate_catalog_grounded","public/data/roadmaps/android.json: title; description; learn; tree","Review visible role overview; learning sequence; prerequisites; and topical resources. Use one canonical page for related terms","not_measured","2026-10-03"
"android developer skills to learn","roadmap_android","learning_path","https://skillbun.tech/roadmap/android","P1","English","tech students and self-taught learners","candidate_catalog_grounded","public/data/roadmaps/android.json: title; description; learn; tree","Review visible role overview; learning sequence; prerequisites; and topical resources. Use one canonical page for related terms","not_measured","2026-10-03"
"android developer prerequisites","roadmap_android","learning_path","https://skillbun.tech/roadmap/android","P1","English","tech students and self-taught learners","candidate_catalog_grounded","public/data/roadmaps/android.json: title; description; learn; tree","Review visible role overview; learning sequence; prerequisites; and topical resources. Use one canonical page for related terms","not_measured","2026-10-03"
"kotlin android roadmap","roadmap_android","learning_path","https://skillbun.tech/roadmap/android","P1","English","tech students and self-taught learners","candidate_catalog_grounded","public/data/roadmaps/android.json: title; description; learn; tree","Review visible role overview; learning sequence; prerequisites; and topical resources. Use one canonical page for related terms","not_measured","2026-10-03"
"jetpack compose learning path","roadmap_android","learning_path","https://skillbun.tech/roadmap/android","P1","English","tech students and self-taught learners","candidate_catalog_grounded","public/data/roadmaps/android.json: title; description; learn; tree","Review visible role overview; learning sequence; prerequisites; and topical resources. Use one canonical page for related terms","not_measured","2026-10-03"
"angular developer roadmap","roadmap_angular_developer","learning_path","https://skillbun.tech/roadmap/angular_developer","P2","English","tech students and self-taught learners","candidate_catalog_grounded","public/data/roadmaps/angular_developer.json: title; description; learn; tree","Review visible role overview; learning sequence; prerequisites; and topical resources. Use one canonical page for related terms","not_measured","2026-10-03"
"angular developer learning path","roadmap_angular_developer","learning_path","https://skillbun.tech/roadmap/angular_developer","P2","English","tech students and self-taught learners","candidate_catalog_grounded","public/data/roadmaps/angular_developer.json: title; description; learn; tree","Review visible role overview; learning sequence; prerequisites; and topical resources. Use one canonical page for related terms","not_measured","2026-10-03"
"angular developer skills to learn","roadmap_angular_developer","learning_path","https://skillbun.tech/roadmap/angular_developer","P2","English","tech students and self-taught learners","candidate_catalog_grounded","public/data/roadmaps/angular_developer.json: title; description; learn; tree","Review visible role overview; learning sequence; prerequisites; and topical resources. Use one canonical page for related terms","not_measured","2026-10-03"
"angular developer prerequisites","roadmap_angular_developer","learning_path","https://skillbun.tech/roadmap/angular_developer","P2","English","tech students and self-taught learners","candidate_catalog_grounded","public/data/roadmaps/angular_developer.json: title; description; learn; tree","Review visible role overview; learning sequence; prerequisites; and topical resources. Use one canonical page for related terms","not_measured","2026-10-03"
"angular learning path","roadmap_angular_developer","learning_path","https://skillbun.tech/roadmap/angular_developer","P2","English","tech students and self-taught learners","candidate_catalog_grounded","public/data/roadmaps/angular_developer.json: title; description; learn; tree","Review visible role overview; learning sequence; prerequisites; and topical resources. Use one canonical page for related terms","not_measured","2026-10-03"
"angular signals and rxjs roadmap","roadmap_angular_developer","learning_path","https://skillbun.tech/roadmap/angular_developer","P2","English","tech students and self-taught learners","candidate_catalog_grounded","public/data/roadmaps/angular_developer.json: title; description; learn; tree","Review visible role overview; learning sequence; prerequisites; and topical resources. Use one canonical page for related terms","not_measured","2026-10-03"
"api platform engineer roadmap","roadmap_api_platform_engineer","learning_path","https://skillbun.tech/roadmap/api_platform_engineer","P2","English","tech students and self-taught learners","candidate_catalog_grounded","public/data/roadmaps/api_platform_engineer.json: title; description; learn; tree","Review visible role overview; learning sequence; prerequisites; and topical resources. Use one canonical page for related terms","not_measured","2026-10-03"
"api platform engineer learning path","roadmap_api_platform_engineer","learning_path","https://skillbun.tech/roadmap/api_platform_engineer","P2","English","tech students and self-taught learners","candidate_catalog_grounded","public/data/roadmaps/api_platform_engineer.json: title; description; learn; tree","Review visible role overview; learning sequence; prerequisites; and topical resources. Use one canonical page for related terms","not_measured","2026-10-03"
"api platform engineer skills to learn","roadmap_api_platform_engineer","learning_path","https://skillbun.tech/roadmap/api_platform_engineer","P2","English","tech students and self-taught learners","candidate_catalog_grounded","public/data/roadmaps/api_platform_engineer.json: title; description; learn; tree","Review visible role overview; learning sequence; prerequisites; and topical resources. Use one canonical page for related terms","not_measured","2026-10-03"
"api platform engineer prerequisites","roadmap_api_platform_engineer","learning_path","https://skillbun.tech/roadmap/api_platform_engineer","P2","English","tech students and self-taught learners","candidate_catalog_grounded","public/data/roadmaps/api_platform_engineer.json: title; description; learn; tree","Review visible role overview; learning sequence; prerequisites; and topical resources. Use one canonical page for related terms","not_measured","2026-10-03"
"api gateway learning path","roadmap_api_platform_engineer","learning_path","https://skillbun.tech/roadmap/api_platform_engineer","P2","English","tech students and self-taught learners","candidate_catalog_grounded","public/data/roadmaps/api_platform_engineer.json: title; description; learn; tree","Review visible role overview; learning sequence; prerequisites; and topical resources. Use one canonical page for related terms","not_measured","2026-10-03"
"openapi and api management roadmap","roadmap_api_platform_engineer","learning_path","https://skillbun.tech/roadmap/api_platform_engineer","P2","English","tech students and self-taught learners","candidate_catalog_grounded","public/data/roadmaps/api_platform_engineer.json: title; description; learn; tree","Review visible role overview; learning sequence; prerequisites; and topical resources. Use one canonical page for related terms","not_measured","2026-10-03"
"application security engineer roadmap","roadmap_application_security_engineer","learning_path","https://skillbun.tech/roadmap/application_security_engineer","P2","English","tech students and self-taught learners","candidate_catalog_grounded","public/data/roadmaps/application_security_engineer.json: title; description; learn; tree","Review visible role overview; learning sequence; prerequisites; and topical resources. Use one canonical page for related terms","not_measured","2026-10-03"
"application security engineer learning path","roadmap_application_security_engineer","learning_path","https://skillbun.tech/roadmap/application_security_engineer","P2","English","tech students and self-taught learners","candidate_catalog_grounded","public/data/roadmaps/application_security_engineer.json: title; description; learn; tree","Review visible role overview; learning sequence; prerequisites; and topical resources. Use one canonical page for related terms","not_measured","2026-10-03"
"application security engineer skills to learn","roadmap_application_security_engineer","learning_path","https://skillbun.tech/roadmap/application_security_engineer","P2","English","tech students and self-taught learners","candidate_catalog_grounded","public/data/roadmaps/application_security_engineer.json: title; description; learn; tree","Review visible role overview; learning sequence; prerequisites; and topical resources. Use one canonical page for related terms","not_measured","2026-10-03"
"application security engineer prerequisites","roadmap_application_security_engineer","learning_path","https://skillbun.tech/roadmap/application_security_engineer","P2","English","tech students and self-taught learners","candidate_catalog_grounded","public/data/roadmaps/application_security_engineer.json: title; description; learn; tree","Review visible role overview; learning sequence; prerequisites; and topical resources. Use one canonical page for related terms","not_measured","2026-10-03"
"appsec engineer learning path","roadmap_application_security_engineer","learning_path","https://skillbun.tech/roadmap/application_security_engineer","P2","English","tech students and self-taught learners","candidate_catalog_grounded","public/data/roadmaps/application_security_engineer.json: title; description; learn; tree","Review visible role overview; learning sequence; prerequisites; and topical resources. Use one canonical page for related terms","not_measured","2026-10-03"
"secure code review learning path","roadmap_application_security_engineer","learning_path","https://skillbun.tech/roadmap/application_security_engineer","P2","English","tech students and self-taught learners","candidate_catalog_grounded","public/data/roadmaps/application_security_engineer.json: title; description; learn; tree","Review visible role overview; learning sequence; prerequisites; and topical resources. Use one canonical page for related terms","not_measured","2026-10-03"
"ar vr developer roadmap","roadmap_ar_vr_developer","learning_path","https://skillbun.tech/roadmap/ar_vr_developer","P2","English","tech students and self-taught learners","candidate_catalog_grounded","public/data/roadmaps/ar_vr_developer.json: title; description; learn; tree","Review visible role overview; learning sequence; prerequisites; and topical resources. Use one canonical page for related terms","not_measured","2026-10-03"
"ar vr developer learning path","roadmap_ar_vr_developer","learning_path","https://skillbun.tech/roadmap/ar_vr_developer","P2","English","tech students and self-taught learners","candidate_catalog_grounded","public/data/roadmaps/ar_vr_developer.json: title; description; learn; tree","Review visible role overview; learning sequence; prerequisites; and topical resources. Use one canonical page for related terms","not_measured","2026-10-03"
"ar vr developer skills to learn","roadmap_ar_vr_developer","learning_path","https://skillbun.tech/roadmap/ar_vr_developer","P2","English","tech students and self-taught learners","candidate_catalog_grounded","public/data/roadmaps/ar_vr_developer.json: title; description; learn; tree","Review visible role overview; learning sequence; prerequisites; and topical resources. Use one canonical page for related terms","not_measured","2026-10-03"
"ar vr developer prerequisites","roadmap_ar_vr_developer","learning_path","https://skillbun.tech/roadmap/ar_vr_developer","P2","English","tech students and self-taught learners","candidate_catalog_grounded","public/data/roadmaps/ar_vr_developer.json: title; description; learn; tree","Review visible role overview; learning sequence; prerequisites; and topical resources. Use one canonical page for related terms","not_measured","2026-10-03"
"xr development roadmap","roadmap_ar_vr_developer","learning_path","https://skillbun.tech/roadmap/ar_vr_developer","P2","English","tech students and self-taught learners","candidate_catalog_grounded","public/data/roadmaps/ar_vr_developer.json: title; description; learn; tree","Review visible role overview; learning sequence; prerequisites; and topical resources. Use one canonical page for related terms","not_measured","2026-10-03"
"unity xr learning path","roadmap_ar_vr_developer","learning_path","https://skillbun.tech/roadmap/ar_vr_developer","P2","English","tech students and self-taught learners","candidate_catalog_grounded","public/data/roadmaps/ar_vr_developer.json: title; description; learn; tree","Review visible role overview; learning sequence; prerequisites; and topical resources. Use one canonical page for related terms","not_measured","2026-10-03"
"aws cloud engineer roadmap","roadmap_aws_cloud_engineer","learning_path","https://skillbun.tech/roadmap/aws_cloud_engineer","P2","English","tech students and self-taught learners","candidate_catalog_grounded","public/data/roadmaps/aws_cloud_engineer.json: title; description; learn; tree","Review visible role overview; learning sequence; prerequisites; and topical resources. Use one canonical page for related terms","not_measured","2026-10-03"
"aws cloud engineer learning path","roadmap_aws_cloud_engineer","learning_path","https://skillbun.tech/roadmap/aws_cloud_engineer","P2","English","tech students and self-taught learners","candidate_catalog_grounded","public/data/roadmaps/aws_cloud_engineer.json: title; description; learn; tree","Review visible role overview; learning sequence; prerequisites; and topical resources. Use one canonical page for related terms","not_measured","2026-10-03"
"aws cloud engineer skills to learn","roadmap_aws_cloud_engineer","learning_path","https://skillbun.tech/roadmap/aws_cloud_engineer","P2","English","tech students and self-taught learners","candidate_catalog_grounded","public/data/roadmaps/aws_cloud_engineer.json: title; description; learn; tree","Review visible role overview; learning sequence; prerequisites; and topical resources. Use one canonical page for related terms","not_measured","2026-10-03"
"aws cloud engineer prerequisites","roadmap_aws_cloud_engineer","learning_path","https://skillbun.tech/roadmap/aws_cloud_engineer","P2","English","tech students and self-taught learners","candidate_catalog_grounded","public/data/roadmaps/aws_cloud_engineer.json: title; description; learn; tree","Review visible role overview; learning sequence; prerequisites; and topical resources. Use one canonical page for related terms","not_measured","2026-10-03"
"aws learning roadmap","roadmap_aws_cloud_engineer","learning_path","https://skillbun.tech/roadmap/aws_cloud_engineer","P2","English","tech students and self-taught learners","candidate_catalog_grounded","public/data/roadmaps/aws_cloud_engineer.json: title; description; learn; tree","Review visible role overview; learning sequence; prerequisites; and topical resources. Use one canonical page for related terms","not_measured","2026-10-03"
"aws networking and iam learning path","roadmap_aws_cloud_engineer","learning_path","https://skillbun.tech/roadmap/aws_cloud_engineer","P2","English","tech students and self-taught learners","candidate_catalog_grounded","public/data/roadmaps/aws_cloud_engineer.json: title; description; learn; tree","Review visible role overview; learning sequence; prerequisites; and topical resources. Use one canonical page for related terms","not_measured","2026-10-03"
"azure cloud engineer roadmap","roadmap_azure_cloud_engineer","learning_path","https://skillbun.tech/roadmap/azure_cloud_engineer","P2","English","tech students and self-taught learners","candidate_catalog_grounded","public/data/roadmaps/azure_cloud_engineer.json: title; description; learn; tree","Review visible role overview; learning sequence; prerequisites; and topical resources. Use one canonical page for related terms","not_measured","2026-10-03"
"azure cloud engineer learning path","roadmap_azure_cloud_engineer","learning_path","https://skillbun.tech/roadmap/azure_cloud_engineer","P2","English","tech students and self-taught learners","candidate_catalog_grounded","public/data/roadmaps/azure_cloud_engineer.json: title; description; learn; tree","Review visible role overview; learning sequence; prerequisites; and topical resources. Use one canonical page for related terms","not_measured","2026-10-03"
"azure cloud engineer skills to learn","roadmap_azure_cloud_engineer","learning_path","https://skillbun.tech/roadmap/azure_cloud_engineer","P2","English","tech students and self-taught learners","candidate_catalog_grounded","public/data/roadmaps/azure_cloud_engineer.json: title; description; learn; tree","Review visible role overview; learning sequence; prerequisites; and topical resources. Use one canonical page for related terms","not_measured","2026-10-03"
"azure cloud engineer prerequisites","roadmap_azure_cloud_engineer","learning_path","https://skillbun.tech/roadmap/azure_cloud_engineer","P2","English","tech students and self-taught learners","candidate_catalog_grounded","public/data/roadmaps/azure_cloud_engineer.json: title; description; learn; tree","Review visible role overview; learning sequence; prerequisites; and topical resources. Use one canonical page for related terms","not_measured","2026-10-03"
"microsoft azure learning path","roadmap_azure_cloud_engineer","learning_path","https://skillbun.tech/roadmap/azure_cloud_engineer","P2","English","tech students and self-taught learners","candidate_catalog_grounded","public/data/roadmaps/azure_cloud_engineer.json: title; description; learn; tree","Review visible role overview; learning sequence; prerequisites; and topical resources. Use one canonical page for related terms","not_measured","2026-10-03"
"azure cloud engineering skills","roadmap_azure_cloud_engineer","learning_path","https://skillbun.tech/roadmap/azure_cloud_engineer","P2","English","tech students and self-taught learners","candidate_catalog_grounded","public/data/roadmaps/azure_cloud_engineer.json: title; description; learn; tree","Review visible role overview; learning sequence; prerequisites; and topical resources. Use one canonical page for related terms","not_measured","2026-10-03"
"backend developer roadmap","roadmap_backend","learning_path","https://skillbun.tech/roadmap/backend","P1","English","tech students and self-taught learners","candidate_catalog_grounded","public/data/roadmaps/backend.json: title; description; learn; tree","Review visible role overview; learning sequence; prerequisites; and topical resources. Use one canonical page for related terms","not_measured","2026-10-03"
"backend developer learning path","roadmap_backend","learning_path","https://skillbun.tech/roadmap/backend","P1","English","tech students and self-taught learners","candidate_catalog_grounded","public/data/roadmaps/backend.json: title; description; learn; tree","Review visible role overview; learning sequence; prerequisites; and topical resources. Use one canonical page for related terms","not_measured","2026-10-03"
"backend developer skills to learn","roadmap_backend","learning_path","https://skillbun.tech/roadmap/backend","P1","English","tech students and self-taught learners","candidate_catalog_grounded","public/data/roadmaps/backend.json: title; description; learn; tree","Review visible role overview; learning sequence; prerequisites; and topical resources. Use one canonical page for related terms","not_measured","2026-10-03"
"backend developer prerequisites","roadmap_backend","learning_path","https://skillbun.tech/roadmap/backend","P1","English","tech students and self-taught learners","candidate_catalog_grounded","public/data/roadmaps/backend.json: title; description; learn; tree","Review visible role overview; learning sequence; prerequisites; and topical resources. Use one canonical page for related terms","not_measured","2026-10-03"
"backend development learning path","roadmap_backend","learning_path","https://skillbun.tech/roadmap/backend","P1","English","tech students and self-taught learners","candidate_catalog_grounded","public/data/roadmaps/backend.json: title; description; learn; tree","Review visible role overview; learning sequence; prerequisites; and topical resources. Use one canonical page for related terms","not_measured","2026-10-03"
"node js backend roadmap","roadmap_backend","learning_path","https://skillbun.tech/roadmap/backend","P1","English","tech students and self-taught learners","candidate_catalog_grounded","public/data/roadmaps/backend.json: title; description; learn; tree","Review visible role overview; learning sequence; prerequisites; and topical resources. Use one canonical page for related terms","not_measured","2026-10-03"
"business intelligence developer roadmap","roadmap_bi_developer","learning_path","https://skillbun.tech/roadmap/bi_developer","P2","English","tech students and self-taught learners","candidate_catalog_grounded","public/data/roadmaps/bi_developer.json: title; description; learn; tree","Review visible role overview; learning sequence; prerequisites; and topical resources. Use one canonical page for related terms","not_measured","2026-10-03"
"bi developer learning path","roadmap_bi_developer","learning_path","https://skillbun.tech/roadmap/bi_developer","P2","English","tech students and self-taught learners","candidate_catalog_grounded","public/data/roadmaps/bi_developer.json: title; description; learn; tree","Review visible role overview; learning sequence; prerequisites; and topical resources. Use one canonical page for related terms","not_measured","2026-10-03"
"bi developer skills to learn","roadmap_bi_developer","learning_path","https://skillbun.tech/roadmap/bi_developer","P2","English","tech students and self-taught learners","candidate_catalog_grounded","public/data/roadmaps/bi_developer.json: title; description; learn; tree","Review visible role overview; learning sequence; prerequisites; and topical resources. Use one canonical page for related terms","not_measured","2026-10-03"
"bi developer prerequisites","roadmap_bi_developer","learning_path","https://skillbun.tech/roadmap/bi_developer","P2","English","tech students and self-taught learners","candidate_catalog_grounded","public/data/roadmaps/bi_developer.json: title; description; learn; tree","Review visible role overview; learning sequence; prerequisites; and topical resources. Use one canonical page for related terms","not_measured","2026-10-03"
"power bi developer roadmap","roadmap_bi_developer","learning_path","https://skillbun.tech/roadmap/bi_developer","P2","English","tech students and self-taught learners","candidate_catalog_grounded","public/data/roadmaps/bi_developer.json: title; description; learn; tree","Review visible role overview; learning sequence; prerequisites; and topical resources. Use one canonical page for related terms","not_measured","2026-10-03"
"dax learning path","roadmap_bi_developer","learning_path","https://skillbun.tech/roadmap/bi_developer","P2","English","tech students and self-taught learners","candidate_catalog_grounded","public/data/roadmaps/bi_developer.json: title; description; learn; tree","Review visible role overview; learning sequence; prerequisites; and topical resources. Use one canonical page for related terms","not_measured","2026-10-03"
"blockchain developer roadmap","roadmap_blockchain_web3","learning_path","https://skillbun.tech/roadmap/blockchain_web3","P2","English","tech students and self-taught learners","candidate_catalog_grounded","public/data/roadmaps/blockchain_web3.json: title; description; learn; tree","Review visible role overview; learning sequence; prerequisites; and topical resources. Use one canonical page for related terms","not_measured","2026-10-03"
"blockchain and web3 engineer learning path","roadmap_blockchain_web3","learning_path","https://skillbun.tech/roadmap/blockchain_web3","P2","English","tech students and self-taught learners","candidate_catalog_grounded","public/data/roadmaps/blockchain_web3.json: title; description; learn; tree","Review visible role overview; learning sequence; prerequisites; and topical resources. Use one canonical page for related terms","not_measured","2026-10-03"
"blockchain and web3 engineer skills to learn","roadmap_blockchain_web3","learning_path","https://skillbun.tech/roadmap/blockchain_web3","P2","English","tech students and self-taught learners","candidate_catalog_grounded","public/data/roadmaps/blockchain_web3.json: title; description; learn; tree","Review visible role overview; learning sequence; prerequisites; and topical resources. Use one canonical page for related terms","not_measured","2026-10-03"
"blockchain and web3 engineer prerequisites","roadmap_blockchain_web3","learning_path","https://skillbun.tech/roadmap/blockchain_web3","P2","English","tech students and self-taught learners","candidate_catalog_grounded","public/data/roadmaps/blockchain_web3.json: title; description; learn; tree","Review visible role overview; learning sequence; prerequisites; and topical resources. Use one canonical page for related terms","not_measured","2026-10-03"
"web3 developer roadmap","roadmap_blockchain_web3","learning_path","https://skillbun.tech/roadmap/blockchain_web3","P2","English","tech students and self-taught learners","candidate_catalog_grounded","public/data/roadmaps/blockchain_web3.json: title; description; learn; tree","Review visible role overview; learning sequence; prerequisites; and topical resources. Use one canonical page for related terms","not_measured","2026-10-03"
"solidity smart contract learning path","roadmap_blockchain_web3","learning_path","https://skillbun.tech/roadmap/blockchain_web3","P2","English","tech students and self-taught learners","candidate_catalog_grounded","public/data/roadmaps/blockchain_web3.json: title; description; learn; tree","Review visible role overview; learning sequence; prerequisites; and topical resources. Use one canonical page for related terms","not_measured","2026-10-03"
"business analyst roadmap","roadmap_business_analyst","learning_path","https://skillbun.tech/roadmap/business_analyst","P2","English","tech students and self-taught learners","candidate_catalog_grounded","public/data/roadmaps/business_analyst.json: title; description; learn; tree","Review visible role overview; learning sequence; prerequisites; and topical resources. Use one canonical page for related terms","not_measured","2026-10-03"
"business analyst learning path","roadmap_business_analyst","learning_path","https://skillbun.tech/roadmap/business_analyst","P2","English","tech students and self-taught learners","candidate_catalog_grounded","public/data/roadmaps/business_analyst.json: title; description; learn; tree","Review visible role overview; learning sequence; prerequisites; and topical resources. Use one canonical page for related terms","not_measured","2026-10-03"
"business analyst skills to learn","roadmap_business_analyst","learning_path","https://skillbun.tech/roadmap/business_analyst","P2","English","tech students and self-taught learners","candidate_catalog_grounded","public/data/roadmaps/business_analyst.json: title; description; learn; tree","Review visible role overview; learning sequence; prerequisites; and topical resources. Use one canonical page for related terms","not_measured","2026-10-03"
"business analyst prerequisites","roadmap_business_analyst","learning_path","https://skillbun.tech/roadmap/business_analyst","P2","English","tech students and self-taught learners","candidate_catalog_grounded","public/data/roadmaps/business_analyst.json: title; description; learn; tree","Review visible role overview; learning sequence; prerequisites; and topical resources. Use one canonical page for related terms","not_measured","2026-10-03"
"it business analyst learning path","roadmap_business_analyst","learning_path","https://skillbun.tech/roadmap/business_analyst","P2","English","tech students and self-taught learners","candidate_catalog_grounded","public/data/roadmaps/business_analyst.json: title; description; learn; tree","Review visible role overview; learning sequence; prerequisites; and topical resources. Use one canonical page for related terms","not_measured","2026-10-03"
"business analysis skills roadmap","roadmap_business_analyst","learning_path","https://skillbun.tech/roadmap/business_analyst","P2","English","tech students and self-taught learners","candidate_catalog_grounded","public/data/roadmaps/business_analyst.json: title; description; learn; tree","Review visible role overview; learning sequence; prerequisites; and topical resources. Use one canonical page for related terms","not_measured","2026-10-03"
"cloud architect roadmap","roadmap_cloud_architect","learning_path","https://skillbun.tech/roadmap/cloud_architect","P2","English","tech students and self-taught learners","candidate_catalog_grounded","public/data/roadmaps/cloud_architect.json: title; description; learn; tree","Review visible role overview; learning sequence; prerequisites; and topical resources. Use one canonical page for related terms","not_measured","2026-10-03"
"cloud architect learning path","roadmap_cloud_architect","learning_path","https://skillbun.tech/roadmap/cloud_architect","P2","English","tech students and self-taught learners","candidate_catalog_grounded","public/data/roadmaps/cloud_architect.json: title; description; learn; tree","Review visible role overview; learning sequence; prerequisites; and topical resources. Use one canonical page for related terms","not_measured","2026-10-03"
"cloud architect skills to learn","roadmap_cloud_architect","learning_path","https://skillbun.tech/roadmap/cloud_architect","P2","English","tech students and self-taught learners","candidate_catalog_grounded","public/data/roadmaps/cloud_architect.json: title; description; learn; tree","Review visible role overview; learning sequence; prerequisites; and topical resources. Use one canonical page for related terms","not_measured","2026-10-03"
"cloud architect prerequisites","roadmap_cloud_architect","learning_path","https://skillbun.tech/roadmap/cloud_architect","P2","English","tech students and self-taught learners","candidate_catalog_grounded","public/data/roadmaps/cloud_architect.json: title; description; learn; tree","Review visible role overview; learning sequence; prerequisites; and topical resources. Use one canonical page for related terms","not_measured","2026-10-03"
"cloud architecture learning path","roadmap_cloud_architect","learning_path","https://skillbun.tech/roadmap/cloud_architect","P2","English","tech students and self-taught learners","candidate_catalog_grounded","public/data/roadmaps/cloud_architect.json: title; description; learn; tree","Review visible role overview; learning sequence; prerequisites; and topical resources. Use one canonical page for related terms","not_measured","2026-10-03"
"cloud solutions architect skills","roadmap_cloud_architect","learning_path","https://skillbun.tech/roadmap/cloud_architect","P2","English","tech students and self-taught learners","candidate_catalog_grounded","public/data/roadmaps/cloud_architect.json: title; description; learn; tree","Review visible role overview; learning sequence; prerequisites; and topical resources. Use one canonical page for related terms","not_measured","2026-10-03"
"cloud security engineer roadmap","roadmap_cloud_security_engineer","learning_path","https://skillbun.tech/roadmap/cloud_security_engineer","P2","English","tech students and self-taught learners","candidate_catalog_grounded","public/data/roadmaps/cloud_security_engineer.json: title; description; learn; tree","Review visible role overview; learning sequence; prerequisites; and topical resources. Use one canonical page for related terms","not_measured","2026-10-03"
"cloud security engineer learning path","roadmap_cloud_security_engineer","learning_path","https://skillbun.tech/roadmap/cloud_security_engineer","P2","English","tech students and self-taught learners","candidate_catalog_grounded","public/data/roadmaps/cloud_security_engineer.json: title; description; learn; tree","Review visible role overview; learning sequence; prerequisites; and topical resources. Use one canonical page for related terms","not_measured","2026-10-03"
"cloud security engineer skills to learn","roadmap_cloud_security_engineer","learning_path","https://skillbun.tech/roadmap/cloud_security_engineer","P2","English","tech students and self-taught learners","candidate_catalog_grounded","public/data/roadmaps/cloud_security_engineer.json: title; description; learn; tree","Review visible role overview; learning sequence; prerequisites; and topical resources. Use one canonical page for related terms","not_measured","2026-10-03"
"cloud security engineer prerequisites","roadmap_cloud_security_engineer","learning_path","https://skillbun.tech/roadmap/cloud_security_engineer","P2","English","tech students and self-taught learners","candidate_catalog_grounded","public/data/roadmaps/cloud_security_engineer.json: title; description; learn; tree","Review visible role overview; learning sequence; prerequisites; and topical resources. Use one canonical page for related terms","not_measured","2026-10-03"
"cloud security learning path","roadmap_cloud_security_engineer","learning_path","https://skillbun.tech/roadmap/cloud_security_engineer","P2","English","tech students and self-taught learners","candidate_catalog_grounded","public/data/roadmaps/cloud_security_engineer.json: title; description; learn; tree","Review visible role overview; learning sequence; prerequisites; and topical resources. Use one canonical page for related terms","not_measured","2026-10-03"
"cloud security engineering skills","roadmap_cloud_security_engineer","learning_path","https://skillbun.tech/roadmap/cloud_security_engineer","P2","English","tech students and self-taught learners","candidate_catalog_grounded","public/data/roadmaps/cloud_security_engineer.json: title; description; learn; tree","Review visible role overview; learning sequence; prerequisites; and topical resources. Use one canonical page for related terms","not_measured","2026-10-03"
"computer vision engineer roadmap","roadmap_computer_vision_engineer","learning_path","https://skillbun.tech/roadmap/computer_vision_engineer","P2","English","tech students and self-taught learners","candidate_catalog_grounded","public/data/roadmaps/computer_vision_engineer.json: title; description; learn; tree","Review visible role overview; learning sequence; prerequisites; and topical resources. Use one canonical page for related terms","not_measured","2026-10-03"
"computer vision engineer learning path","roadmap_computer_vision_engineer","learning_path","https://skillbun.tech/roadmap/computer_vision_engineer","P2","English","tech students and self-taught learners","candidate_catalog_grounded","public/data/roadmaps/computer_vision_engineer.json: title; description; learn; tree","Review visible role overview; learning sequence; prerequisites; and topical resources. Use one canonical page for related terms","not_measured","2026-10-03"
"computer vision engineer skills to learn","roadmap_computer_vision_engineer","learning_path","https://skillbun.tech/roadmap/computer_vision_engineer","P2","English","tech students and self-taught learners","candidate_catalog_grounded","public/data/roadmaps/computer_vision_engineer.json: title; description; learn; tree","Review visible role overview; learning sequence; prerequisites; and topical resources. Use one canonical page for related terms","not_measured","2026-10-03"
"computer vision engineer prerequisites","roadmap_computer_vision_engineer","learning_path","https://skillbun.tech/roadmap/computer_vision_engineer","P2","English","tech students and self-taught learners","candidate_catalog_grounded","public/data/roadmaps/computer_vision_engineer.json: title; description; learn; tree","Review visible role overview; learning sequence; prerequisites; and topical resources. Use one canonical page for related terms","not_measured","2026-10-03"
"computer vision learning path","roadmap_computer_vision_engineer","learning_path","https://skillbun.tech/roadmap/computer_vision_engineer","P2","English","tech students and self-taught learners","candidate_catalog_grounded","public/data/roadmaps/computer_vision_engineer.json: title; description; learn; tree","Review visible role overview; learning sequence; prerequisites; and topical resources. Use one canonical page for related terms","not_measured","2026-10-03"
"image recognition machine learning roadmap","roadmap_computer_vision_engineer","learning_path","https://skillbun.tech/roadmap/computer_vision_engineer","P2","English","tech students and self-taught learners","candidate_catalog_grounded","public/data/roadmaps/computer_vision_engineer.json: title; description; learn; tree","Review visible role overview; learning sequence; prerequisites; and topical resources. Use one canonical page for related terms","not_measured","2026-10-03"
"content designer roadmap","roadmap_content_designer","learning_path","https://skillbun.tech/roadmap/content_designer","P2","English","tech students and self-taught learners","candidate_catalog_grounded","public/data/roadmaps/content_designer.json: title; description; learn; tree","Review visible role overview; learning sequence; prerequisites; and topical resources. Use one canonical page for related terms","not_measured","2026-10-03"
"content designer learning path","roadmap_content_designer","learning_path","https://skillbun.tech/roadmap/content_designer","P2","English","tech students and self-taught learners","candidate_catalog_grounded","public/data/roadmaps/content_designer.json: title; description; learn; tree","Review visible role overview; learning sequence; prerequisites; and topical resources. Use one canonical page for related terms","not_measured","2026-10-03"
"content designer skills to learn","roadmap_content_designer","learning_path","https://skillbun.tech/roadmap/content_designer","P2","English","tech students and self-taught learners","candidate_catalog_grounded","public/data/roadmaps/content_designer.json: title; description; learn; tree","Review visible role overview; learning sequence; prerequisites; and topical resources. Use one canonical page for related terms","not_measured","2026-10-03"
"content designer prerequisites","roadmap_content_designer","learning_path","https://skillbun.tech/roadmap/content_designer","P2","English","tech students and self-taught learners","candidate_catalog_grounded","public/data/roadmaps/content_designer.json: title; description; learn; tree","Review visible role overview; learning sequence; prerequisites; and topical resources. Use one canonical page for related terms","not_measured","2026-10-03"
"ux content design learning path","roadmap_content_designer","learning_path","https://skillbun.tech/roadmap/content_designer","P2","English","tech students and self-taught learners","candidate_catalog_grounded","public/data/roadmaps/content_designer.json: title; description; learn; tree","Review visible role overview; learning sequence; prerequisites; and topical resources. Use one canonical page for related terms","not_measured","2026-10-03"
"content design skills","roadmap_content_designer","learning_path","https://skillbun.tech/roadmap/content_designer","P2","English","tech students and self-taught learners","candidate_catalog_grounded","public/data/roadmaps/content_designer.json: title; description; learn; tree","Review visible role overview; learning sequence; prerequisites; and topical resources. Use one canonical page for related terms","not_measured","2026-10-03"
"cybersecurity roadmap","roadmap_cybersecurity","learning_path","https://skillbun.tech/roadmap/cybersecurity","P1","English","tech students and self-taught learners","candidate_catalog_grounded","public/data/roadmaps/cybersecurity.json: title; description; learn; tree","Review visible role overview; learning sequence; prerequisites; and topical resources. Use one canonical page for related terms","not_measured","2026-10-03"
"cybersecurity specialist learning path","roadmap_cybersecurity","learning_path","https://skillbun.tech/roadmap/cybersecurity","P1","English","tech students and self-taught learners","candidate_catalog_grounded","public/data/roadmaps/cybersecurity.json: title; description; learn; tree","Review visible role overview; learning sequence; prerequisites; and topical resources. Use one canonical page for related terms","not_measured","2026-10-03"
"cybersecurity specialist skills to learn","roadmap_cybersecurity","learning_path","https://skillbun.tech/roadmap/cybersecurity","P1","English","tech students and self-taught learners","candidate_catalog_grounded","public/data/roadmaps/cybersecurity.json: title; description; learn; tree","Review visible role overview; learning sequence; prerequisites; and topical resources. Use one canonical page for related terms","not_measured","2026-10-03"
"cybersecurity specialist prerequisites","roadmap_cybersecurity","learning_path","https://skillbun.tech/roadmap/cybersecurity","P1","English","tech students and self-taught learners","candidate_catalog_grounded","public/data/roadmaps/cybersecurity.json: title; description; learn; tree","Review visible role overview; learning sequence; prerequisites; and topical resources. Use one canonical page for related terms","not_measured","2026-10-03"
"cyber security learning path","roadmap_cybersecurity","learning_path","https://skillbun.tech/roadmap/cybersecurity","P1","English","tech students and self-taught learners","candidate_catalog_grounded","public/data/roadmaps/cybersecurity.json: title; description; learn; tree","Review visible role overview; learning sequence; prerequisites; and topical resources. Use one canonical page for related terms","not_measured","2026-10-03"
"cybersecurity skills for students","roadmap_cybersecurity","learning_path","https://skillbun.tech/roadmap/cybersecurity","P1","English","tech students and self-taught learners","candidate_catalog_grounded","public/data/roadmaps/cybersecurity.json: title; description; learn; tree","Review visible role overview; learning sequence; prerequisites; and topical resources. Use one canonical page for related terms","not_measured","2026-10-03"
"c++ systems developer roadmap","roadmap_c_cpp_systems_developer","learning_path","https://skillbun.tech/roadmap/c_cpp_systems_developer","P2","English","tech students and self-taught learners","candidate_catalog_grounded","public/data/roadmaps/c_cpp_systems_developer.json: title; description; learn; tree","Review visible role overview; learning sequence; prerequisites; and topical resources. Use one canonical page for related terms","not_measured","2026-10-03"
"c and c++ systems developer learning path","roadmap_c_cpp_systems_developer","learning_path","https://skillbun.tech/roadmap/c_cpp_systems_developer","P2","English","tech students and self-taught learners","candidate_catalog_grounded","public/data/roadmaps/c_cpp_systems_developer.json: title; description; learn; tree","Review visible role overview; learning sequence; prerequisites; and topical resources. Use one canonical page for related terms","not_measured","2026-10-03"
"c and c++ systems developer skills to learn","roadmap_c_cpp_systems_developer","learning_path","https://skillbun.tech/roadmap/c_cpp_systems_developer","P2","English","tech students and self-taught learners","candidate_catalog_grounded","public/data/roadmaps/c_cpp_systems_developer.json: title; description; learn; tree","Review visible role overview; learning sequence; prerequisites; and topical resources. Use one canonical page for related terms","not_measured","2026-10-03"
"c and c++ systems developer prerequisites","roadmap_c_cpp_systems_developer","learning_path","https://skillbun.tech/roadmap/c_cpp_systems_developer","P2","English","tech students and self-taught learners","candidate_catalog_grounded","public/data/roadmaps/c_cpp_systems_developer.json: title; description; learn; tree","Review visible role overview; learning sequence; prerequisites; and topical resources. Use one canonical page for related terms","not_measured","2026-10-03"
"systems programming roadmap","roadmap_c_cpp_systems_developer","learning_path","https://skillbun.tech/roadmap/c_cpp_systems_developer","P2","English","tech students and self-taught learners","candidate_catalog_grounded","public/data/roadmaps/c_cpp_systems_developer.json: title; description; learn; tree","Review visible role overview; learning sequence; prerequisites; and topical resources. Use one canonical page for related terms","not_measured","2026-10-03"
"c and c++ learning path","roadmap_c_cpp_systems_developer","learning_path","https://skillbun.tech/roadmap/c_cpp_systems_developer","P2","English","tech students and self-taught learners","candidate_catalog_grounded","public/data/roadmaps/c_cpp_systems_developer.json: title; description; learn; tree","Review visible role overview; learning sequence; prerequisites; and topical resources. Use one canonical page for related terms","not_measured","2026-10-03"
"database administrator roadmap","roadmap_database_admin","learning_path","https://skillbun.tech/roadmap/database_admin","P2","English","tech students and self-taught learners","candidate_catalog_grounded","public/data/roadmaps/database_admin.json: title; description; learn; tree","Review visible role overview; learning sequence; prerequisites; and topical resources. Use one canonical page for related terms","not_measured","2026-10-03"
"database administrator learning path","roadmap_database_admin","learning_path","https://skillbun.tech/roadmap/database_admin","P2","English","tech students and self-taught learners","candidate_catalog_grounded","public/data/roadmaps/database_admin.json: title; description; learn; tree","Review visible role overview; learning sequence; prerequisites; and topical resources. Use one canonical page for related terms","not_measured","2026-10-03"
"database administrator skills to learn","roadmap_database_admin","learning_path","https://skillbun.tech/roadmap/database_admin","P2","English","tech students and self-taught learners","candidate_catalog_grounded","public/data/roadmaps/database_admin.json: title; description; learn; tree","Review visible role overview; learning sequence; prerequisites; and topical resources. Use one canonical page for related terms","not_measured","2026-10-03"
"database administrator prerequisites","roadmap_database_admin","learning_path","https://skillbun.tech/roadmap/database_admin","P2","English","tech students and self-taught learners","candidate_catalog_grounded","public/data/roadmaps/database_admin.json: title; description; learn; tree","Review visible role overview; learning sequence; prerequisites; and topical resources. Use one canonical page for related terms","not_measured","2026-10-03"
"dba learning path","roadmap_database_admin","learning_path","https://skillbun.tech/roadmap/database_admin","P2","English","tech students and self-taught learners","candidate_catalog_grounded","public/data/roadmaps/database_admin.json: title; description; learn; tree","Review visible role overview; learning sequence; prerequisites; and topical resources. Use one canonical page for related terms","not_measured","2026-10-03"
"database administration skills","roadmap_database_admin","learning_path","https://skillbun.tech/roadmap/database_admin","P2","English","tech students and self-taught learners","candidate_catalog_grounded","public/data/roadmaps/database_admin.json: title; description; learn; tree","Review visible role overview; learning sequence; prerequisites; and topical resources. Use one canonical page for related terms","not_measured","2026-10-03"
"data analyst roadmap","roadmap_data_analyst","learning_path","https://skillbun.tech/roadmap/data_analyst","P1","English","tech students and self-taught learners","candidate_catalog_grounded","public/data/roadmaps/data_analyst.json: title; description; learn; tree","Review visible role overview; learning sequence; prerequisites; and topical resources. Use one canonical page for related terms","not_measured","2026-10-03"
"data analyst learning path","roadmap_data_analyst","learning_path","https://skillbun.tech/roadmap/data_analyst","P1","English","tech students and self-taught learners","candidate_catalog_grounded","public/data/roadmaps/data_analyst.json: title; description; learn; tree","Review visible role overview; learning sequence; prerequisites; and topical resources. Use one canonical page for related terms","not_measured","2026-10-03"
"data analyst skills to learn","roadmap_data_analyst","learning_path","https://skillbun.tech/roadmap/data_analyst","P1","English","tech students and self-taught learners","candidate_catalog_grounded","public/data/roadmaps/data_analyst.json: title; description; learn; tree","Review visible role overview; learning sequence; prerequisites; and topical resources. Use one canonical page for related terms","not_measured","2026-10-03"
"data analyst prerequisites","roadmap_data_analyst","learning_path","https://skillbun.tech/roadmap/data_analyst","P1","English","tech students and self-taught learners","candidate_catalog_grounded","public/data/roadmaps/data_analyst.json: title; description; learn; tree","Review visible role overview; learning sequence; prerequisites; and topical resources. Use one canonical page for related terms","not_measured","2026-10-03"
"sql data analyst learning path","roadmap_data_analyst","learning_path","https://skillbun.tech/roadmap/data_analyst","P1","English","tech students and self-taught learners","candidate_catalog_grounded","public/data/roadmaps/data_analyst.json: title; description; learn; tree","Review visible role overview; learning sequence; prerequisites; and topical resources. Use one canonical page for related terms","not_measured","2026-10-03"
"data analytics roadmap","roadmap_data_analyst","learning_path","https://skillbun.tech/roadmap/data_analyst","P1","English","tech students and self-taught learners","candidate_catalog_grounded","public/data/roadmaps/data_analyst.json: title; description; learn; tree","Review visible role overview; learning sequence; prerequisites; and topical resources. Use one canonical page for related terms","not_measured","2026-10-03"
"data engineer roadmap","roadmap_data_engineering","learning_path","https://skillbun.tech/roadmap/data_engineering","P1","English","tech students and self-taught learners","candidate_catalog_grounded","public/data/roadmaps/data_engineering.json: title; description; learn; tree","Review visible role overview; learning sequence; prerequisites; and topical resources. Use one canonical page for related terms","not_measured","2026-10-03"
"data engineer learning path","roadmap_data_engineering","learning_path","https://skillbun.tech/roadmap/data_engineering","P1","English","tech students and self-taught learners","candidate_catalog_grounded","public/data/roadmaps/data_engineering.json: title; description; learn; tree","Review visible role overview; learning sequence; prerequisites; and topical resources. Use one canonical page for related terms","not_measured","2026-10-03"
"data engineer skills to learn","roadmap_data_engineering","learning_path","https://skillbun.tech/roadmap/data_engineering","P1","English","tech students and self-taught learners","candidate_catalog_grounded","public/data/roadmaps/data_engineering.json: title; description; learn; tree","Review visible role overview; learning sequence; prerequisites; and topical resources. Use one canonical page for related terms","not_measured","2026-10-03"
"data engineer prerequisites","roadmap_data_engineering","learning_path","https://skillbun.tech/roadmap/data_engineering","P1","English","tech students and self-taught learners","candidate_catalog_grounded","public/data/roadmaps/data_engineering.json: title; description; learn; tree","Review visible role overview; learning sequence; prerequisites; and topical resources. Use one canonical page for related terms","not_measured","2026-10-03"
"data engineering learning path","roadmap_data_engineering","learning_path","https://skillbun.tech/roadmap/data_engineering","P1","English","tech students and self-taught learners","candidate_catalog_grounded","public/data/roadmaps/data_engineering.json: title; description; learn; tree","Review visible role overview; learning sequence; prerequisites; and topical resources. Use one canonical page for related terms","not_measured","2026-10-03"
"data pipeline engineering skills","roadmap_data_engineering","learning_path","https://skillbun.tech/roadmap/data_engineering","P1","English","tech students and self-taught learners","candidate_catalog_grounded","public/data/roadmaps/data_engineering.json: title; description; learn; tree","Review visible role overview; learning sequence; prerequisites; and topical resources. Use one canonical page for related terms","not_measured","2026-10-03"
"data governance specialist roadmap","roadmap_data_governance_specialist","learning_path","https://skillbun.tech/roadmap/data_governance_specialist","P2","English","tech students and self-taught learners","candidate_catalog_grounded","public/data/roadmaps/data_governance_specialist.json: title; description; learn; tree","Review visible role overview; learning sequence; prerequisites; and topical resources. Use one canonical page for related terms","not_measured","2026-10-03"
"data governance specialist learning path","roadmap_data_governance_specialist","learning_path","https://skillbun.tech/roadmap/data_governance_specialist","P2","English","tech students and self-taught learners","candidate_catalog_grounded","public/data/roadmaps/data_governance_specialist.json: title; description; learn; tree","Review visible role overview; learning sequence; prerequisites; and topical resources. Use one canonical page for related terms","not_measured","2026-10-03"
"data governance specialist skills to learn","roadmap_data_governance_specialist","learning_path","https://skillbun.tech/roadmap/data_governance_specialist","P2","English","tech students and self-taught learners","candidate_catalog_grounded","public/data/roadmaps/data_governance_specialist.json: title; description; learn; tree","Review visible role overview; learning sequence; prerequisites; and topical resources. Use one canonical page for related terms","not_measured","2026-10-03"
"data governance specialist prerequisites","roadmap_data_governance_specialist","learning_path","https://skillbun.tech/roadmap/data_governance_specialist","P2","English","tech students and self-taught learners","candidate_catalog_grounded","public/data/roadmaps/data_governance_specialist.json: title; description; learn; tree","Review visible role overview; learning sequence; prerequisites; and topical resources. Use one canonical page for related terms","not_measured","2026-10-03"
"data governance learning path","roadmap_data_governance_specialist","learning_path","https://skillbun.tech/roadmap/data_governance_specialist","P2","English","tech students and self-taught learners","candidate_catalog_grounded","public/data/roadmaps/data_governance_specialist.json: title; description; learn; tree","Review visible role overview; learning sequence; prerequisites; and topical resources. Use one canonical page for related terms","not_measured","2026-10-03"
"data governance skills","roadmap_data_governance_specialist","learning_path","https://skillbun.tech/roadmap/data_governance_specialist","P2","English","tech students and self-taught learners","candidate_catalog_grounded","public/data/roadmaps/data_governance_specialist.json: title; description; learn; tree","Review visible role overview; learning sequence; prerequisites; and topical resources. Use one canonical page for related terms","not_measured","2026-10-03"
"data science roadmap","roadmap_data_science","learning_path","https://skillbun.tech/roadmap/data_science","P1","English","tech students and self-taught learners","candidate_catalog_grounded","public/data/roadmaps/data_science.json: title; description; learn; tree","Review visible role overview; learning sequence; prerequisites; and topical resources. Use one canonical page for related terms","not_measured","2026-10-03"
"data scientist learning path","roadmap_data_science","learning_path","https://skillbun.tech/roadmap/data_science","P1","English","tech students and self-taught learners","candidate_catalog_grounded","public/data/roadmaps/data_science.json: title; description; learn; tree","Review visible role overview; learning sequence; prerequisites; and topical resources. Use one canonical page for related terms","not_measured","2026-10-03"
"data scientist skills to learn","roadmap_data_science","learning_path","https://skillbun.tech/roadmap/data_science","P1","English","tech students and self-taught learners","candidate_catalog_grounded","public/data/roadmaps/data_science.json: title; description; learn; tree","Review visible role overview; learning sequence; prerequisites; and topical resources. Use one canonical page for related terms","not_measured","2026-10-03"
"data scientist prerequisites","roadmap_data_science","learning_path","https://skillbun.tech/roadmap/data_science","P1","English","tech students and self-taught learners","candidate_catalog_grounded","public/data/roadmaps/data_science.json: title; description; learn; tree","Review visible role overview; learning sequence; prerequisites; and topical resources. Use one canonical page for related terms","not_measured","2026-10-03"
"python data science roadmap","roadmap_data_science","learning_path","https://skillbun.tech/roadmap/data_science","P1","English","tech students and self-taught learners","candidate_catalog_grounded","public/data/roadmaps/data_science.json: title; description; learn; tree","Review visible role overview; learning sequence; prerequisites; and topical resources. Use one canonical page for related terms","not_measured","2026-10-03"
"data visualization roadmap","roadmap_data_visualization_specialist","learning_path","https://skillbun.tech/roadmap/data_visualization_specialist","P2","English","tech students and self-taught learners","candidate_catalog_grounded","public/data/roadmaps/data_visualization_specialist.json: title; description; learn; tree","Review visible role overview; learning sequence; prerequisites; and topical resources. Use one canonical page for related terms","not_measured","2026-10-03"
"data visualization specialist learning path","roadmap_data_visualization_specialist","learning_path","https://skillbun.tech/roadmap/data_visualization_specialist","P2","English","tech students and self-taught learners","candidate_catalog_grounded","public/data/roadmaps/data_visualization_specialist.json: title; description; learn; tree","Review visible role overview; learning sequence; prerequisites; and topical resources. Use one canonical page for related terms","not_measured","2026-10-03"
"data visualization specialist skills to learn","roadmap_data_visualization_specialist","learning_path","https://skillbun.tech/roadmap/data_visualization_specialist","P2","English","tech students and self-taught learners","candidate_catalog_grounded","public/data/roadmaps/data_visualization_specialist.json: title; description; learn; tree","Review visible role overview; learning sequence; prerequisites; and topical resources. Use one canonical page for related terms","not_measured","2026-10-03"
"data visualization specialist prerequisites","roadmap_data_visualization_specialist","learning_path","https://skillbun.tech/roadmap/data_visualization_specialist","P2","English","tech students and self-taught learners","candidate_catalog_grounded","public/data/roadmaps/data_visualization_specialist.json: title; description; learn; tree","Review visible role overview; learning sequence; prerequisites; and topical resources. Use one canonical page for related terms","not_measured","2026-10-03"
"data visualisation learning path","roadmap_data_visualization_specialist","learning_path","https://skillbun.tech/roadmap/data_visualization_specialist","P2","English","tech students and self-taught learners","candidate_catalog_grounded","public/data/roadmaps/data_visualization_specialist.json: title; description; learn; tree","Review visible role overview; learning sequence; prerequisites; and topical resources. Use one canonical page for related terms","not_measured","2026-10-03"
"data visualization specialist skills","roadmap_data_visualization_specialist","learning_path","https://skillbun.tech/roadmap/data_visualization_specialist","P2","English","tech students and self-taught learners","candidate_catalog_grounded","public/data/roadmaps/data_visualization_specialist.json: title; description; learn; tree","Review visible role overview; learning sequence; prerequisites; and topical resources. Use one canonical page for related terms","not_measured","2026-10-03"
"design systems engineer roadmap","roadmap_design_systems_engineer","learning_path","https://skillbun.tech/roadmap/design_systems_engineer","P2","English","tech students and self-taught learners","candidate_catalog_grounded","public/data/roadmaps/design_systems_engineer.json: title; description; learn; tree","Review visible role overview; learning sequence; prerequisites; and topical resources. Use one canonical page for related terms","not_measured","2026-10-03"
"design systems engineer learning path","roadmap_design_systems_engineer","learning_path","https://skillbun.tech/roadmap/design_systems_engineer","P2","English","tech students and self-taught learners","candidate_catalog_grounded","public/data/roadmaps/design_systems_engineer.json: title; description; learn; tree","Review visible role overview; learning sequence; prerequisites; and topical resources. Use one canonical page for related terms","not_measured","2026-10-03"
"design systems engineer skills to learn","roadmap_design_systems_engineer","learning_path","https://skillbun.tech/roadmap/design_systems_engineer","P2","English","tech students and self-taught learners","candidate_catalog_grounded","public/data/roadmaps/design_systems_engineer.json: title; description; learn; tree","Review visible role overview; learning sequence; prerequisites; and topical resources. Use one canonical page for related terms","not_measured","2026-10-03"
"design systems engineer prerequisites","roadmap_design_systems_engineer","learning_path","https://skillbun.tech/roadmap/design_systems_engineer","P2","English","tech students and self-taught learners","candidate_catalog_grounded","public/data/roadmaps/design_systems_engineer.json: title; description; learn; tree","Review visible role overview; learning sequence; prerequisites; and topical resources. Use one canonical page for related terms","not_measured","2026-10-03"
"design systems learning path","roadmap_design_systems_engineer","learning_path","https://skillbun.tech/roadmap/design_systems_engineer","P2","English","tech students and self-taught learners","candidate_catalog_grounded","public/data/roadmaps/design_systems_engineer.json: title; description; learn; tree","Review visible role overview; learning sequence; prerequisites; and topical resources. Use one canonical page for related terms","not_measured","2026-10-03"
"component library development roadmap","roadmap_design_systems_engineer","learning_path","https://skillbun.tech/roadmap/design_systems_engineer","P2","English","tech students and self-taught learners","candidate_catalog_grounded","public/data/roadmaps/design_systems_engineer.json: title; description; learn; tree","Review visible role overview; learning sequence; prerequisites; and topical resources. Use one canonical page for related terms","not_measured","2026-10-03"
"desktop app developer roadmap","roadmap_desktop_app_developer","learning_path","https://skillbun.tech/roadmap/desktop_app_developer","P2","English","tech students and self-taught learners","candidate_catalog_grounded","public/data/roadmaps/desktop_app_developer.json: title; description; learn; tree","Review visible role overview; learning sequence; prerequisites; and topical resources. Use one canonical page for related terms","not_measured","2026-10-03"
"desktop app developer learning path","roadmap_desktop_app_developer","learning_path","https://skillbun.tech/roadmap/desktop_app_developer","P2","English","tech students and self-taught learners","candidate_catalog_grounded","public/data/roadmaps/desktop_app_developer.json: title; description; learn; tree","Review visible role overview; learning sequence; prerequisites; and topical resources. Use one canonical page for related terms","not_measured","2026-10-03"
"desktop app developer skills to learn","roadmap_desktop_app_developer","learning_path","https://skillbun.tech/roadmap/desktop_app_developer","P2","English","tech students and self-taught learners","candidate_catalog_grounded","public/data/roadmaps/desktop_app_developer.json: title; description; learn; tree","Review visible role overview; learning sequence; prerequisites; and topical resources. Use one canonical page for related terms","not_measured","2026-10-03"
"desktop app developer prerequisites","roadmap_desktop_app_developer","learning_path","https://skillbun.tech/roadmap/desktop_app_developer","P2","English","tech students and self-taught learners","candidate_catalog_grounded","public/data/roadmaps/desktop_app_developer.json: title; description; learn; tree","Review visible role overview; learning sequence; prerequisites; and topical resources. Use one canonical page for related terms","not_measured","2026-10-03"
"desktop application development learning path","roadmap_desktop_app_developer","learning_path","https://skillbun.tech/roadmap/desktop_app_developer","P2","English","tech students and self-taught learners","candidate_catalog_grounded","public/data/roadmaps/desktop_app_developer.json: title; description; learn; tree","Review visible role overview; learning sequence; prerequisites; and topical resources. Use one canonical page for related terms","not_measured","2026-10-03"
"cross platform desktop app roadmap","roadmap_desktop_app_developer","learning_path","https://skillbun.tech/roadmap/desktop_app_developer","P2","English","tech students and self-taught learners","candidate_catalog_grounded","public/data/roadmaps/desktop_app_developer.json: title; description; learn; tree","Review visible role overview; learning sequence; prerequisites; and topical resources. Use one canonical page for related terms","not_measured","2026-10-03"
"devops roadmap","roadmap_devops_cloud","learning_path","https://skillbun.tech/roadmap/devops_cloud","P1","English","tech students and self-taught learners","candidate_catalog_grounded","public/data/roadmaps/devops_cloud.json: title; description; learn; tree","Review visible role overview; learning sequence; prerequisites; and topical resources. Use one canonical page for related terms","not_measured","2026-10-03"
"devops and cloud engineer learning path","roadmap_devops_cloud","learning_path","https://skillbun.tech/roadmap/devops_cloud","P1","English","tech students and self-taught learners","candidate_catalog_grounded","public/data/roadmaps/devops_cloud.json: title; description; learn; tree","Review visible role overview; learning sequence; prerequisites; and topical resources. Use one canonical page for related terms","not_measured","2026-10-03"
"devops and cloud engineer skills to learn","roadmap_devops_cloud","learning_path","https://skillbun.tech/roadmap/devops_cloud","P1","English","tech students and self-taught learners","candidate_catalog_grounded","public/data/roadmaps/devops_cloud.json: title; description; learn; tree","Review visible role overview; learning sequence; prerequisites; and topical resources. Use one canonical page for related terms","not_measured","2026-10-03"
"devops and cloud engineer prerequisites","roadmap_devops_cloud","learning_path","https://skillbun.tech/roadmap/devops_cloud","P1","English","tech students and self-taught learners","candidate_catalog_grounded","public/data/roadmaps/devops_cloud.json: title; description; learn; tree","Review visible role overview; learning sequence; prerequisites; and topical resources. Use one canonical page for related terms","not_measured","2026-10-03"
"devops engineer learning path","roadmap_devops_cloud","learning_path","https://skillbun.tech/roadmap/devops_cloud","P1","English","tech students and self-taught learners","candidate_catalog_grounded","public/data/roadmaps/devops_cloud.json: title; description; learn; tree","Review visible role overview; learning sequence; prerequisites; and topical resources. Use one canonical page for related terms","not_measured","2026-10-03"
"devops and cloud roadmap","roadmap_devops_cloud","learning_path","https://skillbun.tech/roadmap/devops_cloud","P1","English","tech students and self-taught learners","candidate_catalog_grounded","public/data/roadmaps/devops_cloud.json: title; description; learn; tree","Review visible role overview; learning sequence; prerequisites; and topical resources. Use one canonical page for related terms","not_measured","2026-10-03"
"dfir analyst roadmap","roadmap_dfir_analyst","learning_path","https://skillbun.tech/roadmap/dfir_analyst","P2","English","tech students and self-taught learners","candidate_catalog_grounded","public/data/roadmaps/dfir_analyst.json: title; description; learn; tree","Review visible role overview; learning sequence; prerequisites; and topical resources. Use one canonical page for related terms","not_measured","2026-10-03"
"dfir analyst learning path","roadmap_dfir_analyst","learning_path","https://skillbun.tech/roadmap/dfir_analyst","P2","English","tech students and self-taught learners","candidate_catalog_grounded","public/data/roadmaps/dfir_analyst.json: title; description; learn; tree","Review visible role overview; learning sequence; prerequisites; and topical resources. Use one canonical page for related terms","not_measured","2026-10-03"
"dfir analyst skills to learn","roadmap_dfir_analyst","learning_path","https://skillbun.tech/roadmap/dfir_analyst","P2","English","tech students and self-taught learners","candidate_catalog_grounded","public/data/roadmaps/dfir_analyst.json: title; description; learn; tree","Review visible role overview; learning sequence; prerequisites; and topical resources. Use one canonical page for related terms","not_measured","2026-10-03"
"dfir analyst prerequisites","roadmap_dfir_analyst","learning_path","https://skillbun.tech/roadmap/dfir_analyst","P2","English","tech students and self-taught learners","candidate_catalog_grounded","public/data/roadmaps/dfir_analyst.json: title; description; learn; tree","Review visible role overview; learning sequence; prerequisites; and topical resources. Use one canonical page for related terms","not_measured","2026-10-03"
"digital forensics learning path","roadmap_dfir_analyst","learning_path","https://skillbun.tech/roadmap/dfir_analyst","P2","English","tech students and self-taught learners","candidate_catalog_grounded","public/data/roadmaps/dfir_analyst.json: title; description; learn; tree","Review visible role overview; learning sequence; prerequisites; and topical resources. Use one canonical page for related terms","not_measured","2026-10-03"
"incident response analyst roadmap","roadmap_dfir_analyst","learning_path","https://skillbun.tech/roadmap/dfir_analyst","P2","English","tech students and self-taught learners","candidate_catalog_grounded","public/data/roadmaps/dfir_analyst.json: title; description; learn; tree","Review visible role overview; learning sequence; prerequisites; and topical resources. Use one canonical page for related terms","not_measured","2026-10-03"
"digital marketing analyst roadmap","roadmap_digital_marketing_analyst","learning_path","https://skillbun.tech/roadmap/digital_marketing_analyst","P2","English","tech students and self-taught learners","candidate_catalog_grounded","public/data/roadmaps/digital_marketing_analyst.json: title; description; learn; tree","Review visible role overview; learning sequence; prerequisites; and topical resources. Use one canonical page for related terms","not_measured","2026-10-03"
"digital marketing analyst learning path","roadmap_digital_marketing_analyst","learning_path","https://skillbun.tech/roadmap/digital_marketing_analyst","P2","English","tech students and self-taught learners","candidate_catalog_grounded","public/data/roadmaps/digital_marketing_analyst.json: title; description; learn; tree","Review visible role overview; learning sequence; prerequisites; and topical resources. Use one canonical page for related terms","not_measured","2026-10-03"
"digital marketing analyst skills to learn","roadmap_digital_marketing_analyst","learning_path","https://skillbun.tech/roadmap/digital_marketing_analyst","P2","English","tech students and self-taught learners","candidate_catalog_grounded","public/data/roadmaps/digital_marketing_analyst.json: title; description; learn; tree","Review visible role overview; learning sequence; prerequisites; and topical resources. Use one canonical page for related terms","not_measured","2026-10-03"
"digital marketing analyst prerequisites","roadmap_digital_marketing_analyst","learning_path","https://skillbun.tech/roadmap/digital_marketing_analyst","P2","English","tech students and self-taught learners","candidate_catalog_grounded","public/data/roadmaps/digital_marketing_analyst.json: title; description; learn; tree","Review visible role overview; learning sequence; prerequisites; and topical resources. Use one canonical page for related terms","not_measured","2026-10-03"
"marketing analytics learning path","roadmap_digital_marketing_analyst","learning_path","https://skillbun.tech/roadmap/digital_marketing_analyst","P2","English","tech students and self-taught learners","candidate_catalog_grounded","public/data/roadmaps/digital_marketing_analyst.json: title; description; learn; tree","Review visible role overview; learning sequence; prerequisites; and topical resources. Use one canonical page for related terms","not_measured","2026-10-03"
"digital marketing analytics skills","roadmap_digital_marketing_analyst","learning_path","https://skillbun.tech/roadmap/digital_marketing_analyst","P2","English","tech students and self-taught learners","candidate_catalog_grounded","public/data/roadmaps/digital_marketing_analyst.json: title; description; learn; tree","Review visible role overview; learning sequence; prerequisites; and topical resources. Use one canonical page for related terms","not_measured","2026-10-03"
"dotnet developer roadmap","roadmap_dotnet_developer","learning_path","https://skillbun.tech/roadmap/dotnet_developer","P2","English","tech students and self-taught learners","candidate_catalog_grounded","public/data/roadmaps/dotnet_developer.json: title; description; learn; tree","Review visible role overview; learning sequence; prerequisites; and topical resources. Use one canonical page for related terms","not_measured","2026-10-03"
".net developer learning path","roadmap_dotnet_developer","learning_path","https://skillbun.tech/roadmap/dotnet_developer","P2","English","tech students and self-taught learners","candidate_catalog_grounded","public/data/roadmaps/dotnet_developer.json: title; description; learn; tree","Review visible role overview; learning sequence; prerequisites; and topical resources. Use one canonical page for related terms","not_measured","2026-10-03"
".net developer skills to learn","roadmap_dotnet_developer","learning_path","https://skillbun.tech/roadmap/dotnet_developer","P2","English","tech students and self-taught learners","candidate_catalog_grounded","public/data/roadmaps/dotnet_developer.json: title; description; learn; tree","Review visible role overview; learning sequence; prerequisites; and topical resources. Use one canonical page for related terms","not_measured","2026-10-03"
".net developer prerequisites","roadmap_dotnet_developer","learning_path","https://skillbun.tech/roadmap/dotnet_developer","P2","English","tech students and self-taught learners","candidate_catalog_grounded","public/data/roadmaps/dotnet_developer.json: title; description; learn; tree","Review visible role overview; learning sequence; prerequisites; and topical resources. Use one canonical page for related terms","not_measured","2026-10-03"
"asp net core learning path","roadmap_dotnet_developer","learning_path","https://skillbun.tech/roadmap/dotnet_developer","P2","English","tech students and self-taught learners","candidate_catalog_grounded","public/data/roadmaps/dotnet_developer.json: title; description; learn; tree","Review visible role overview; learning sequence; prerequisites; and topical resources. Use one canonical page for related terms","not_measured","2026-10-03"
"c# developer roadmap","roadmap_dotnet_developer","learning_path","https://skillbun.tech/roadmap/dotnet_developer","P2","English","tech students and self-taught learners","candidate_catalog_grounded","public/data/roadmaps/dotnet_developer.json: title; description; learn; tree","Review visible role overview; learning sequence; prerequisites; and topical resources. Use one canonical page for related terms","not_measured","2026-10-03"
"elixir developer roadmap","roadmap_elixir_phoenix_developer","learning_path","https://skillbun.tech/roadmap/elixir_phoenix_developer","P2","English","tech students and self-taught learners","candidate_catalog_grounded","public/data/roadmaps/elixir_phoenix_developer.json: title; description; learn; tree","Review visible role overview; learning sequence; prerequisites; and topical resources. Use one canonical page for related terms","not_measured","2026-10-03"
"elixir and phoenix developer learning path","roadmap_elixir_phoenix_developer","learning_path","https://skillbun.tech/roadmap/elixir_phoenix_developer","P2","English","tech students and self-taught learners","candidate_catalog_grounded","public/data/roadmaps/elixir_phoenix_developer.json: title; description; learn; tree","Review visible role overview; learning sequence; prerequisites; and topical resources. Use one canonical page for related terms","not_measured","2026-10-03"
"elixir and phoenix developer skills to learn","roadmap_elixir_phoenix_developer","learning_path","https://skillbun.tech/roadmap/elixir_phoenix_developer","P2","English","tech students and self-taught learners","candidate_catalog_grounded","public/data/roadmaps/elixir_phoenix_developer.json: title; description; learn; tree","Review visible role overview; learning sequence; prerequisites; and topical resources. Use one canonical page for related terms","not_measured","2026-10-03"
"elixir and phoenix developer prerequisites","roadmap_elixir_phoenix_developer","learning_path","https://skillbun.tech/roadmap/elixir_phoenix_developer","P2","English","tech students and self-taught learners","candidate_catalog_grounded","public/data/roadmaps/elixir_phoenix_developer.json: title; description; learn; tree","Review visible role overview; learning sequence; prerequisites; and topical resources. Use one canonical page for related terms","not_measured","2026-10-03"
"phoenix framework learning path","roadmap_elixir_phoenix_developer","learning_path","https://skillbun.tech/roadmap/elixir_phoenix_developer","P2","English","tech students and self-taught learners","candidate_catalog_grounded","public/data/roadmaps/elixir_phoenix_developer.json: title; description; learn; tree","Review visible role overview; learning sequence; prerequisites; and topical resources. Use one canonical page for related terms","not_measured","2026-10-03"
"elixir otp learning roadmap","roadmap_elixir_phoenix_developer","learning_path","https://skillbun.tech/roadmap/elixir_phoenix_developer","P2","English","tech students and self-taught learners","candidate_catalog_grounded","public/data/roadmaps/elixir_phoenix_developer.json: title; description; learn; tree","Review visible role overview; learning sequence; prerequisites; and topical resources. Use one canonical page for related terms","not_measured","2026-10-03"
"embedded systems roadmap","roadmap_embedded_iot","learning_path","https://skillbun.tech/roadmap/embedded_iot","P2","English","tech students and self-taught learners","candidate_catalog_grounded","public/data/roadmaps/embedded_iot.json: title; description; learn; tree","Review visible role overview; learning sequence; prerequisites; and topical resources. Use one canonical page for related terms","not_measured","2026-10-03"
"embedded and iot systems engineer learning path","roadmap_embedded_iot","learning_path","https://skillbun.tech/roadmap/embedded_iot","P2","English","tech students and self-taught learners","candidate_catalog_grounded","public/data/roadmaps/embedded_iot.json: title; description; learn; tree","Review visible role overview; learning sequence; prerequisites; and topical resources. Use one canonical page for related terms","not_measured","2026-10-03"
"embedded and iot systems engineer skills to learn","roadmap_embedded_iot","learning_path","https://skillbun.tech/roadmap/embedded_iot","P2","English","tech students and self-taught learners","candidate_catalog_grounded","public/data/roadmaps/embedded_iot.json: title; description; learn; tree","Review visible role overview; learning sequence; prerequisites; and topical resources. Use one canonical page for related terms","not_measured","2026-10-03"
"embedded and iot systems engineer prerequisites","roadmap_embedded_iot","learning_path","https://skillbun.tech/roadmap/embedded_iot","P2","English","tech students and self-taught learners","candidate_catalog_grounded","public/data/roadmaps/embedded_iot.json: title; description; learn; tree","Review visible role overview; learning sequence; prerequisites; and topical resources. Use one canonical page for related terms","not_measured","2026-10-03"
"iot developer roadmap","roadmap_embedded_iot","learning_path","https://skillbun.tech/roadmap/embedded_iot","P2","English","tech students and self-taught learners","candidate_catalog_grounded","public/data/roadmaps/embedded_iot.json: title; description; learn; tree","Review visible role overview; learning sequence; prerequisites; and topical resources. Use one canonical page for related terms","not_measured","2026-10-03"
"embedded software engineering learning path","roadmap_embedded_iot","learning_path","https://skillbun.tech/roadmap/embedded_iot","P2","English","tech students and self-taught learners","candidate_catalog_grounded","public/data/roadmaps/embedded_iot.json: title; description; learn; tree","Review visible role overview; learning sequence; prerequisites; and topical resources. Use one canonical page for related terms","not_measured","2026-10-03"
"finops engineer roadmap","roadmap_finops_engineer","learning_path","https://skillbun.tech/roadmap/finops_engineer","P2","English","tech students and self-taught learners","candidate_catalog_grounded","public/data/roadmaps/finops_engineer.json: title; description; learn; tree","Review visible role overview; learning sequence; prerequisites; and topical resources. Use one canonical page for related terms","not_measured","2026-10-03"
"finops engineer learning path","roadmap_finops_engineer","learning_path","https://skillbun.tech/roadmap/finops_engineer","P2","English","tech students and self-taught learners","candidate_catalog_grounded","public/data/roadmaps/finops_engineer.json: title; description; learn; tree","Review visible role overview; learning sequence; prerequisites; and topical resources. Use one canonical page for related terms","not_measured","2026-10-03"
"finops engineer skills to learn","roadmap_finops_engineer","learning_path","https://skillbun.tech/roadmap/finops_engineer","P2","English","tech students and self-taught learners","candidate_catalog_grounded","public/data/roadmaps/finops_engineer.json: title; description; learn; tree","Review visible role overview; learning sequence; prerequisites; and topical resources. Use one canonical page for related terms","not_measured","2026-10-03"
"finops engineer prerequisites","roadmap_finops_engineer","learning_path","https://skillbun.tech/roadmap/finops_engineer","P2","English","tech students and self-taught learners","candidate_catalog_grounded","public/data/roadmaps/finops_engineer.json: title; description; learn; tree","Review visible role overview; learning sequence; prerequisites; and topical resources. Use one canonical page for related terms","not_measured","2026-10-03"
"cloud cost optimization learning path","roadmap_finops_engineer","learning_path","https://skillbun.tech/roadmap/finops_engineer","P2","English","tech students and self-taught learners","candidate_catalog_grounded","public/data/roadmaps/finops_engineer.json: title; description; learn; tree","Review visible role overview; learning sequence; prerequisites; and topical resources. Use one canonical page for related terms","not_measured","2026-10-03"
"finops learning roadmap","roadmap_finops_engineer","learning_path","https://skillbun.tech/roadmap/finops_engineer","P2","English","tech students and self-taught learners","candidate_catalog_grounded","public/data/roadmaps/finops_engineer.json: title; description; learn; tree","Review visible role overview; learning sequence; prerequisites; and topical resources. Use one canonical page for related terms","not_measured","2026-10-03"
"flutter developer roadmap","roadmap_flutter_developer","learning_path","https://skillbun.tech/roadmap/flutter_developer","P1","English","tech students and self-taught learners","candidate_catalog_grounded","public/data/roadmaps/flutter_developer.json: title; description; learn; tree","Review visible role overview; learning sequence; prerequisites; and topical resources. Use one canonical page for related terms","not_measured","2026-10-03"
"flutter developer learning path","roadmap_flutter_developer","learning_path","https://skillbun.tech/roadmap/flutter_developer","P1","English","tech students and self-taught learners","candidate_catalog_grounded","public/data/roadmaps/flutter_developer.json: title; description; learn; tree","Review visible role overview; learning sequence; prerequisites; and topical resources. Use one canonical page for related terms","not_measured","2026-10-03"
"flutter developer skills to learn","roadmap_flutter_developer","learning_path","https://skillbun.tech/roadmap/flutter_developer","P1","English","tech students and self-taught learners","candidate_catalog_grounded","public/data/roadmaps/flutter_developer.json: title; description; learn; tree","Review visible role overview; learning sequence; prerequisites; and topical resources. Use one canonical page for related terms","not_measured","2026-10-03"
"flutter developer prerequisites","roadmap_flutter_developer","learning_path","https://skillbun.tech/roadmap/flutter_developer","P1","English","tech students and self-taught learners","candidate_catalog_grounded","public/data/roadmaps/flutter_developer.json: title; description; learn; tree","Review visible role overview; learning sequence; prerequisites; and topical resources. Use one canonical page for related terms","not_measured","2026-10-03"
"flutter learning path","roadmap_flutter_developer","learning_path","https://skillbun.tech/roadmap/flutter_developer","P1","English","tech students and self-taught learners","candidate_catalog_grounded","public/data/roadmaps/flutter_developer.json: title; description; learn; tree","Review visible role overview; learning sequence; prerequisites; and topical resources. Use one canonical page for related terms","not_measured","2026-10-03"
"dart and flutter roadmap","roadmap_flutter_developer","learning_path","https://skillbun.tech/roadmap/flutter_developer","P1","English","tech students and self-taught learners","candidate_catalog_grounded","public/data/roadmaps/flutter_developer.json: title; description; learn; tree","Review visible role overview; learning sequence; prerequisites; and topical resources. Use one canonical page for related terms","not_measured","2026-10-03"
"frontend developer roadmap","roadmap_frontend","learning_path","https://skillbun.tech/roadmap/frontend","P1","English","tech students and self-taught learners","candidate_catalog_grounded","public/data/roadmaps/frontend.json: title; description; learn; tree","Review visible role overview; learning sequence; prerequisites; and topical resources. Use one canonical page for related terms","not_measured","2026-10-03"
"frontend developer learning path","roadmap_frontend","learning_path","https://skillbun.tech/roadmap/frontend","P1","English","tech students and self-taught learners","candidate_catalog_grounded","public/data/roadmaps/frontend.json: title; description; learn; tree","Review visible role overview; learning sequence; prerequisites; and topical resources. Use one canonical page for related terms","not_measured","2026-10-03"
"frontend developer skills to learn","roadmap_frontend","learning_path","https://skillbun.tech/roadmap/frontend","P1","English","tech students and self-taught learners","candidate_catalog_grounded","public/data/roadmaps/frontend.json: title; description; learn; tree","Review visible role overview; learning sequence; prerequisites; and topical resources. Use one canonical page for related terms","not_measured","2026-10-03"
"frontend developer prerequisites","roadmap_frontend","learning_path","https://skillbun.tech/roadmap/frontend","P1","English","tech students and self-taught learners","candidate_catalog_grounded","public/data/roadmaps/frontend.json: title; description; learn; tree","Review visible role overview; learning sequence; prerequisites; and topical resources. Use one canonical page for related terms","not_measured","2026-10-03"
"front end development learning path","roadmap_frontend","learning_path","https://skillbun.tech/roadmap/frontend","P1","English","tech students and self-taught learners","candidate_catalog_grounded","public/data/roadmaps/frontend.json: title; description; learn; tree","Review visible role overview; learning sequence; prerequisites; and topical resources. Use one canonical page for related terms","not_measured","2026-10-03"
"react frontend roadmap","roadmap_frontend","learning_path","https://skillbun.tech/roadmap/frontend","P1","English","tech students and self-taught learners","candidate_catalog_grounded","public/data/roadmaps/frontend.json: title; description; learn; tree","Review visible role overview; learning sequence; prerequisites; and topical resources. Use one canonical page for related terms","not_measured","2026-10-03"
"full stack developer roadmap","roadmap_fullstack","learning_path","https://skillbun.tech/roadmap/fullstack","P1","English","tech students and self-taught learners","candidate_catalog_grounded","public/data/roadmaps/fullstack.json: title; description; learn; tree","Review visible role overview; learning sequence; prerequisites; and topical resources. Use one canonical page for related terms","not_measured","2026-10-03"
"full stack developer learning path","roadmap_fullstack","learning_path","https://skillbun.tech/roadmap/fullstack","P1","English","tech students and self-taught learners","candidate_catalog_grounded","public/data/roadmaps/fullstack.json: title; description; learn; tree","Review visible role overview; learning sequence; prerequisites; and topical resources. Use one canonical page for related terms","not_measured","2026-10-03"
"full stack developer skills to learn","roadmap_fullstack","learning_path","https://skillbun.tech/roadmap/fullstack","P1","English","tech students and self-taught learners","candidate_catalog_grounded","public/data/roadmaps/fullstack.json: title; description; learn; tree","Review visible role overview; learning sequence; prerequisites; and topical resources. Use one canonical page for related terms","not_measured","2026-10-03"
"full stack developer prerequisites","roadmap_fullstack","learning_path","https://skillbun.tech/roadmap/fullstack","P1","English","tech students and self-taught learners","candidate_catalog_grounded","public/data/roadmaps/fullstack.json: title; description; learn; tree","Review visible role overview; learning sequence; prerequisites; and topical resources. Use one canonical page for related terms","not_measured","2026-10-03"
"fullstack roadmap","roadmap_fullstack","learning_path","https://skillbun.tech/roadmap/fullstack","P1","English","tech students and self-taught learners","candidate_catalog_grounded","public/data/roadmaps/fullstack.json: title; description; learn; tree","Review visible role overview; learning sequence; prerequisites; and topical resources. Use one canonical page for related terms","not_measured","2026-10-03"
"full stack web development learning path","roadmap_fullstack","learning_path","https://skillbun.tech/roadmap/fullstack","P1","English","tech students and self-taught learners","candidate_catalog_grounded","public/data/roadmaps/fullstack.json: title; description; learn; tree","Review visible role overview; learning sequence; prerequisites; and topical resources. Use one canonical page for related terms","not_measured","2026-10-03"
"game developer roadmap","roadmap_game_development","learning_path","https://skillbun.tech/roadmap/game_development","P2","English","tech students and self-taught learners","candidate_catalog_grounded","public/data/roadmaps/game_development.json: title; description; learn; tree","Review visible role overview; learning sequence; prerequisites; and topical resources. Use one canonical page for related terms","not_measured","2026-10-03"
"game developer learning path","roadmap_game_development","learning_path","https://skillbun.tech/roadmap/game_development","P2","English","tech students and self-taught learners","candidate_catalog_grounded","public/data/roadmaps/game_development.json: title; description; learn; tree","Review visible role overview; learning sequence; prerequisites; and topical resources. Use one canonical page for related terms","not_measured","2026-10-03"
"game developer skills to learn","roadmap_game_development","learning_path","https://skillbun.tech/roadmap/game_development","P2","English","tech students and self-taught learners","candidate_catalog_grounded","public/data/roadmaps/game_development.json: title; description; learn; tree","Review visible role overview; learning sequence; prerequisites; and topical resources. Use one canonical page for related terms","not_measured","2026-10-03"
"game developer prerequisites","roadmap_game_development","learning_path","https://skillbun.tech/roadmap/game_development","P2","English","tech students and self-taught learners","candidate_catalog_grounded","public/data/roadmaps/game_development.json: title; description; learn; tree","Review visible role overview; learning sequence; prerequisites; and topical resources. Use one canonical page for related terms","not_measured","2026-10-03"
"game development learning path","roadmap_game_development","learning_path","https://skillbun.tech/roadmap/game_development","P2","English","tech students and self-taught learners","candidate_catalog_grounded","public/data/roadmaps/game_development.json: title; description; learn; tree","Review visible role overview; learning sequence; prerequisites; and topical resources. Use one canonical page for related terms","not_measured","2026-10-03"
"game programming skills","roadmap_game_development","learning_path","https://skillbun.tech/roadmap/game_development","P2","English","tech students and self-taught learners","candidate_catalog_grounded","public/data/roadmaps/game_development.json: title; description; learn; tree","Review visible role overview; learning sequence; prerequisites; and topical resources. Use one canonical page for related terms","not_measured","2026-10-03"
"gcp cloud engineer roadmap","roadmap_gcp_cloud_engineer","learning_path","https://skillbun.tech/roadmap/gcp_cloud_engineer","P2","English","tech students and self-taught learners","candidate_catalog_grounded","public/data/roadmaps/gcp_cloud_engineer.json: title; description; learn; tree","Review visible role overview; learning sequence; prerequisites; and topical resources. Use one canonical page for related terms","not_measured","2026-10-03"
"gcp cloud engineer learning path","roadmap_gcp_cloud_engineer","learning_path","https://skillbun.tech/roadmap/gcp_cloud_engineer","P2","English","tech students and self-taught learners","candidate_catalog_grounded","public/data/roadmaps/gcp_cloud_engineer.json: title; description; learn; tree","Review visible role overview; learning sequence; prerequisites; and topical resources. Use one canonical page for related terms","not_measured","2026-10-03"
"gcp cloud engineer skills to learn","roadmap_gcp_cloud_engineer","learning_path","https://skillbun.tech/roadmap/gcp_cloud_engineer","P2","English","tech students and self-taught learners","candidate_catalog_grounded","public/data/roadmaps/gcp_cloud_engineer.json: title; description; learn; tree","Review visible role overview; learning sequence; prerequisites; and topical resources. Use one canonical page for related terms","not_measured","2026-10-03"
"gcp cloud engineer prerequisites","roadmap_gcp_cloud_engineer","learning_path","https://skillbun.tech/roadmap/gcp_cloud_engineer","P2","English","tech students and self-taught learners","candidate_catalog_grounded","public/data/roadmaps/gcp_cloud_engineer.json: title; description; learn; tree","Review visible role overview; learning sequence; prerequisites; and topical resources. Use one canonical page for related terms","not_measured","2026-10-03"
"google cloud learning path","roadmap_gcp_cloud_engineer","learning_path","https://skillbun.tech/roadmap/gcp_cloud_engineer","P2","English","tech students and self-taught learners","candidate_catalog_grounded","public/data/roadmaps/gcp_cloud_engineer.json: title; description; learn; tree","Review visible role overview; learning sequence; prerequisites; and topical resources. Use one canonical page for related terms","not_measured","2026-10-03"
"google cloud engineering roadmap","roadmap_gcp_cloud_engineer","learning_path","https://skillbun.tech/roadmap/gcp_cloud_engineer","P2","English","tech students and self-taught learners","candidate_catalog_grounded","public/data/roadmaps/gcp_cloud_engineer.json: title; description; learn; tree","Review visible role overview; learning sequence; prerequisites; and topical resources. Use one canonical page for related terms","not_measured","2026-10-03"
"tech skills roadmap","roadmap_general","learning_path","https://skillbun.tech/roadmap/general","P2","English","tech students and self-taught learners","candidate_catalog_grounded","public/data/roadmaps/general.json: title; description; learn; tree","Review visible role overview; learning sequence; prerequisites; and topical resources. Use one canonical page for related terms","not_measured","2026-10-03"
"tech foundations learning path","roadmap_general","learning_path","https://skillbun.tech/roadmap/general","P2","English","tech students and self-taught learners","candidate_catalog_grounded","public/data/roadmaps/general.json: title; description; learn; tree","Review visible role overview; learning sequence; prerequisites; and topical resources. Use one canonical page for related terms","not_measured","2026-10-03"
"tech foundations skills to learn","roadmap_general","learning_path","https://skillbun.tech/roadmap/general","P2","English","tech students and self-taught learners","candidate_catalog_grounded","public/data/roadmaps/general.json: title; description; learn; tree","Review visible role overview; learning sequence; prerequisites; and topical resources. Use one canonical page for related terms","not_measured","2026-10-03"
"tech foundations prerequisites","roadmap_general","learning_path","https://skillbun.tech/roadmap/general","P2","English","tech students and self-taught learners","candidate_catalog_grounded","public/data/roadmaps/general.json: title; description; learn; tree","Review visible role overview; learning sequence; prerequisites; and topical resources. Use one canonical page for related terms","not_measured","2026-10-03"
"computer science foundations roadmap","roadmap_general","learning_path","https://skillbun.tech/roadmap/general","P2","English","tech students and self-taught learners","candidate_catalog_grounded","public/data/roadmaps/general.json: title; description; learn; tree","Review visible role overview; learning sequence; prerequisites; and topical resources. Use one canonical page for related terms","not_measured","2026-10-03"
"explore tech career paths","roadmap_general","learning_path","https://skillbun.tech/roadmap/general","P2","English","tech students and self-taught learners","candidate_catalog_grounded","public/data/roadmaps/general.json: title; description; learn; tree","Review visible role overview; learning sequence; prerequisites; and topical resources. Use one canonical page for related terms","not_measured","2026-10-03"
"generative ai developer roadmap","roadmap_generative_ai_app_developer","learning_path","https://skillbun.tech/roadmap/generative_ai_app_developer","P2","English","tech students and self-taught learners","candidate_catalog_grounded","public/data/roadmaps/generative_ai_app_developer.json: title; description; learn; tree","Review visible role overview; learning sequence; prerequisites; and topical resources. Use one canonical page for related terms","not_measured","2026-10-03"
"generative ai developer learning path","roadmap_generative_ai_app_developer","learning_path","https://skillbun.tech/roadmap/generative_ai_app_developer","P2","English","tech students and self-taught learners","candidate_catalog_grounded","public/data/roadmaps/generative_ai_app_developer.json: title; description; learn; tree","Review visible role overview; learning sequence; prerequisites; and topical resources. Use one canonical page for related terms","not_measured","2026-10-03"
"generative ai developer skills to learn","roadmap_generative_ai_app_developer","learning_path","https://skillbun.tech/roadmap/generative_ai_app_developer","P2","English","tech students and self-taught learners","candidate_catalog_grounded","public/data/roadmaps/generative_ai_app_developer.json: title; description; learn; tree","Review visible role overview; learning sequence; prerequisites; and topical resources. Use one canonical page for related terms","not_measured","2026-10-03"
"generative ai developer prerequisites","roadmap_generative_ai_app_developer","learning_path","https://skillbun.tech/roadmap/generative_ai_app_developer","P2","English","tech students and self-taught learners","candidate_catalog_grounded","public/data/roadmaps/generative_ai_app_developer.json: title; description; learn; tree","Review visible role overview; learning sequence; prerequisites; and topical resources. Use one canonical page for related terms","not_measured","2026-10-03"
"rag application development roadmap","roadmap_generative_ai_app_developer","learning_path","https://skillbun.tech/roadmap/generative_ai_app_developer","P2","English","tech students and self-taught learners","candidate_catalog_grounded","public/data/roadmaps/generative_ai_app_developer.json: title; description; learn; tree","Review visible role overview; learning sequence; prerequisites; and topical resources. Use one canonical page for related terms","not_measured","2026-10-03"
"llm app development learning path","roadmap_generative_ai_app_developer","learning_path","https://skillbun.tech/roadmap/generative_ai_app_developer","P2","English","tech students and self-taught learners","candidate_catalog_grounded","public/data/roadmaps/generative_ai_app_developer.json: title; description; learn; tree","Review visible role overview; learning sequence; prerequisites; and topical resources. Use one canonical page for related terms","not_measured","2026-10-03"
"geospatial data science roadmap","roadmap_geospatial_data_scientist","learning_path","https://skillbun.tech/roadmap/geospatial_data_scientist","P2","English","tech students and self-taught learners","candidate_catalog_grounded","public/data/roadmaps/geospatial_data_scientist.json: title; description; learn; tree","Review visible role overview; learning sequence; prerequisites; and topical resources. Use one canonical page for related terms","not_measured","2026-10-03"
"geospatial data scientist learning path","roadmap_geospatial_data_scientist","learning_path","https://skillbun.tech/roadmap/geospatial_data_scientist","P2","English","tech students and self-taught learners","candidate_catalog_grounded","public/data/roadmaps/geospatial_data_scientist.json: title; description; learn; tree","Review visible role overview; learning sequence; prerequisites; and topical resources. Use one canonical page for related terms","not_measured","2026-10-03"
"geospatial data scientist skills to learn","roadmap_geospatial_data_scientist","learning_path","https://skillbun.tech/roadmap/geospatial_data_scientist","P2","English","tech students and self-taught learners","candidate_catalog_grounded","public/data/roadmaps/geospatial_data_scientist.json: title; description; learn; tree","Review visible role overview; learning sequence; prerequisites; and topical resources. Use one canonical page for related terms","not_measured","2026-10-03"
"geospatial data scientist prerequisites","roadmap_geospatial_data_scientist","learning_path","https://skillbun.tech/roadmap/geospatial_data_scientist","P2","English","tech students and self-taught learners","candidate_catalog_grounded","public/data/roadmaps/geospatial_data_scientist.json: title; description; learn; tree","Review visible role overview; learning sequence; prerequisites; and topical resources. Use one canonical page for related terms","not_measured","2026-10-03"
"gis data science learning path","roadmap_geospatial_data_scientist","learning_path","https://skillbun.tech/roadmap/geospatial_data_scientist","P2","English","tech students and self-taught learners","candidate_catalog_grounded","public/data/roadmaps/geospatial_data_scientist.json: title; description; learn; tree","Review visible role overview; learning sequence; prerequisites; and topical resources. Use one canonical page for related terms","not_measured","2026-10-03"
"geospatial data scientist skills","roadmap_geospatial_data_scientist","learning_path","https://skillbun.tech/roadmap/geospatial_data_scientist","P2","English","tech students and self-taught learners","candidate_catalog_grounded","public/data/roadmaps/geospatial_data_scientist.json: title; description; learn; tree","Review visible role overview; learning sequence; prerequisites; and topical resources. Use one canonical page for related terms","not_measured","2026-10-03"
"go developer roadmap","roadmap_go_developer","learning_path","https://skillbun.tech/roadmap/go_developer","P2","English","tech students and self-taught learners","candidate_catalog_grounded","public/data/roadmaps/go_developer.json: title; description; learn; tree","Review visible role overview; learning sequence; prerequisites; and topical resources. Use one canonical page for related terms","not_measured","2026-10-03"
"go developer learning path","roadmap_go_developer","learning_path","https://skillbun.tech/roadmap/go_developer","P2","English","tech students and self-taught learners","candidate_catalog_grounded","public/data/roadmaps/go_developer.json: title; description; learn; tree","Review visible role overview; learning sequence; prerequisites; and topical resources. Use one canonical page for related terms","not_measured","2026-10-03"
"go developer skills to learn","roadmap_go_developer","learning_path","https://skillbun.tech/roadmap/go_developer","P2","English","tech students and self-taught learners","candidate_catalog_grounded","public/data/roadmaps/go_developer.json: title; description; learn; tree","Review visible role overview; learning sequence; prerequisites; and topical resources. Use one canonical page for related terms","not_measured","2026-10-03"
"go developer prerequisites","roadmap_go_developer","learning_path","https://skillbun.tech/roadmap/go_developer","P2","English","tech students and self-taught learners","candidate_catalog_grounded","public/data/roadmaps/go_developer.json: title; description; learn; tree","Review visible role overview; learning sequence; prerequisites; and topical resources. Use one canonical page for related terms","not_measured","2026-10-03"
"golang learning path","roadmap_go_developer","learning_path","https://skillbun.tech/roadmap/go_developer","P2","English","tech students and self-taught learners","candidate_catalog_grounded","public/data/roadmaps/go_developer.json: title; description; learn; tree","Review visible role overview; learning sequence; prerequisites; and topical resources. Use one canonical page for related terms","not_measured","2026-10-03"
"go backend development roadmap","roadmap_go_developer","learning_path","https://skillbun.tech/roadmap/go_developer","P2","English","tech students and self-taught learners","candidate_catalog_grounded","public/data/roadmaps/go_developer.json: title; description; learn; tree","Review visible role overview; learning sequence; prerequisites; and topical resources. Use one canonical page for related terms","not_measured","2026-10-03"
"graphql developer roadmap","roadmap_graphql_api_developer","learning_path","https://skillbun.tech/roadmap/graphql_api_developer","P2","English","tech students and self-taught learners","candidate_catalog_grounded","public/data/roadmaps/graphql_api_developer.json: title; description; learn; tree","Review visible role overview; learning sequence; prerequisites; and topical resources. Use one canonical page for related terms","not_measured","2026-10-03"
"graphql api developer learning path","roadmap_graphql_api_developer","learning_path","https://skillbun.tech/roadmap/graphql_api_developer","P2","English","tech students and self-taught learners","candidate_catalog_grounded","public/data/roadmaps/graphql_api_developer.json: title; description; learn; tree","Review visible role overview; learning sequence; prerequisites; and topical resources. Use one canonical page for related terms","not_measured","2026-10-03"
"graphql api developer skills to learn","roadmap_graphql_api_developer","learning_path","https://skillbun.tech/roadmap/graphql_api_developer","P2","English","tech students and self-taught learners","candidate_catalog_grounded","public/data/roadmaps/graphql_api_developer.json: title; description; learn; tree","Review visible role overview; learning sequence; prerequisites; and topical resources. Use one canonical page for related terms","not_measured","2026-10-03"
"graphql api developer prerequisites","roadmap_graphql_api_developer","learning_path","https://skillbun.tech/roadmap/graphql_api_developer","P2","English","tech students and self-taught learners","candidate_catalog_grounded","public/data/roadmaps/graphql_api_developer.json: title; description; learn; tree","Review visible role overview; learning sequence; prerequisites; and topical resources. Use one canonical page for related terms","not_measured","2026-10-03"
"graphql api learning path","roadmap_graphql_api_developer","learning_path","https://skillbun.tech/roadmap/graphql_api_developer","P2","English","tech students and self-taught learners","candidate_catalog_grounded","public/data/roadmaps/graphql_api_developer.json: title; description; learn; tree","Review visible role overview; learning sequence; prerequisites; and topical resources. Use one canonical page for related terms","not_measured","2026-10-03"
"graphql api development skills","roadmap_graphql_api_developer","learning_path","https://skillbun.tech/roadmap/graphql_api_developer","P2","English","tech students and self-taught learners","candidate_catalog_grounded","public/data/roadmaps/graphql_api_developer.json: title; description; learn; tree","Review visible role overview; learning sequence; prerequisites; and topical resources. Use one canonical page for related terms","not_measured","2026-10-03"
"grc analyst roadmap","roadmap_grc_analyst","learning_path","https://skillbun.tech/roadmap/grc_analyst","P2","English","tech students and self-taught learners","candidate_catalog_grounded","public/data/roadmaps/grc_analyst.json: title; description; learn; tree","Review visible role overview; learning sequence; prerequisites; and topical resources. Use one canonical page for related terms","not_measured","2026-10-03"
"grc analyst learning path","roadmap_grc_analyst","learning_path","https://skillbun.tech/roadmap/grc_analyst","P2","English","tech students and self-taught learners","candidate_catalog_grounded","public/data/roadmaps/grc_analyst.json: title; description; learn; tree","Review visible role overview; learning sequence; prerequisites; and topical resources. Use one canonical page for related terms","not_measured","2026-10-03"
"grc analyst skills to learn","roadmap_grc_analyst","learning_path","https://skillbun.tech/roadmap/grc_analyst","P2","English","tech students and self-taught learners","candidate_catalog_grounded","public/data/roadmaps/grc_analyst.json: title; description; learn; tree","Review visible role overview; learning sequence; prerequisites; and topical resources. Use one canonical page for related terms","not_measured","2026-10-03"
"grc analyst prerequisites","roadmap_grc_analyst","learning_path","https://skillbun.tech/roadmap/grc_analyst","P2","English","tech students and self-taught learners","candidate_catalog_grounded","public/data/roadmaps/grc_analyst.json: title; description; learn; tree","Review visible role overview; learning sequence; prerequisites; and topical resources. Use one canonical page for related terms","not_measured","2026-10-03"
"governance risk compliance learning path","roadmap_grc_analyst","learning_path","https://skillbun.tech/roadmap/grc_analyst","P2","English","tech students and self-taught learners","candidate_catalog_grounded","public/data/roadmaps/grc_analyst.json: title; description; learn; tree","Review visible role overview; learning sequence; prerequisites; and topical resources. Use one canonical page for related terms","not_measured","2026-10-03"
"cybersecurity grc skills","roadmap_grc_analyst","learning_path","https://skillbun.tech/roadmap/grc_analyst","P2","English","tech students and self-taught learners","candidate_catalog_grounded","public/data/roadmaps/grc_analyst.json: title; description; learn; tree","Review visible role overview; learning sequence; prerequisites; and topical resources. Use one canonical page for related terms","not_measured","2026-10-03"
"iam engineer roadmap","roadmap_iam_engineer","learning_path","https://skillbun.tech/roadmap/iam_engineer","P2","English","tech students and self-taught learners","candidate_catalog_grounded","public/data/roadmaps/iam_engineer.json: title; description; learn; tree","Review visible role overview; learning sequence; prerequisites; and topical resources. Use one canonical page for related terms","not_measured","2026-10-03"
"iam engineer learning path","roadmap_iam_engineer","learning_path","https://skillbun.tech/roadmap/iam_engineer","P2","English","tech students and self-taught learners","candidate_catalog_grounded","public/data/roadmaps/iam_engineer.json: title; description; learn; tree","Review visible role overview; learning sequence; prerequisites; and topical resources. Use one canonical page for related terms","not_measured","2026-10-03"
"iam engineer skills to learn","roadmap_iam_engineer","learning_path","https://skillbun.tech/roadmap/iam_engineer","P2","English","tech students and self-taught learners","candidate_catalog_grounded","public/data/roadmaps/iam_engineer.json: title; description; learn; tree","Review visible role overview; learning sequence; prerequisites; and topical resources. Use one canonical page for related terms","not_measured","2026-10-03"
"iam engineer prerequisites","roadmap_iam_engineer","learning_path","https://skillbun.tech/roadmap/iam_engineer","P2","English","tech students and self-taught learners","candidate_catalog_grounded","public/data/roadmaps/iam_engineer.json: title; description; learn; tree","Review visible role overview; learning sequence; prerequisites; and topical resources. Use one canonical page for related terms","not_measured","2026-10-03"
"identity and access management learning path","roadmap_iam_engineer","learning_path","https://skillbun.tech/roadmap/iam_engineer","P2","English","tech students and self-taught learners","candidate_catalog_grounded","public/data/roadmaps/iam_engineer.json: title; description; learn; tree","Review visible role overview; learning sequence; prerequisites; and topical resources. Use one canonical page for related terms","not_measured","2026-10-03"
"iam engineering skills","roadmap_iam_engineer","learning_path","https://skillbun.tech/roadmap/iam_engineer","P2","English","tech students and self-taught learners","candidate_catalog_grounded","public/data/roadmaps/iam_engineer.json: title; description; learn; tree","Review visible role overview; learning sequence; prerequisites; and topical resources. Use one canonical page for related terms","not_measured","2026-10-03"
"ios developer roadmap","roadmap_ios_developer","learning_path","https://skillbun.tech/roadmap/ios_developer","P2","English","tech students and self-taught learners","candidate_catalog_grounded","public/data/roadmaps/ios_developer.json: title; description; learn; tree","Review visible role overview; learning sequence; prerequisites; and topical resources. Use one canonical page for related terms","not_measured","2026-10-03"
"ios developer learning path","roadmap_ios_developer","learning_path","https://skillbun.tech/roadmap/ios_developer","P2","English","tech students and self-taught learners","candidate_catalog_grounded","public/data/roadmaps/ios_developer.json: title; description; learn; tree","Review visible role overview; learning sequence; prerequisites; and topical resources. Use one canonical page for related terms","not_measured","2026-10-03"
"ios developer skills to learn","roadmap_ios_developer","learning_path","https://skillbun.tech/roadmap/ios_developer","P2","English","tech students and self-taught learners","candidate_catalog_grounded","public/data/roadmaps/ios_developer.json: title; description; learn; tree","Review visible role overview; learning sequence; prerequisites; and topical resources. Use one canonical page for related terms","not_measured","2026-10-03"
"ios developer prerequisites","roadmap_ios_developer","learning_path","https://skillbun.tech/roadmap/ios_developer","P2","English","tech students and self-taught learners","candidate_catalog_grounded","public/data/roadmaps/ios_developer.json: title; description; learn; tree","Review visible role overview; learning sequence; prerequisites; and topical resources. Use one canonical page for related terms","not_measured","2026-10-03"
"swift ios learning path","roadmap_ios_developer","learning_path","https://skillbun.tech/roadmap/ios_developer","P2","English","tech students and self-taught learners","candidate_catalog_grounded","public/data/roadmaps/ios_developer.json: title; description; learn; tree","Review visible role overview; learning sequence; prerequisites; and topical resources. Use one canonical page for related terms","not_measured","2026-10-03"
"swiftui developer roadmap","roadmap_ios_developer","learning_path","https://skillbun.tech/roadmap/ios_developer","P2","English","tech students and self-taught learners","candidate_catalog_grounded","public/data/roadmaps/ios_developer.json: title; description; learn; tree","Review visible role overview; learning sequence; prerequisites; and topical resources. Use one canonical page for related terms","not_measured","2026-10-03"
"java developer roadmap","roadmap_java_developer","learning_path","https://skillbun.tech/roadmap/java_developer","P1","English","tech students and self-taught learners","candidate_catalog_grounded","public/data/roadmaps/java_developer.json: title; description; learn; tree","Review visible role overview; learning sequence; prerequisites; and topical resources. Use one canonical page for related terms","not_measured","2026-10-03"
"java developer learning path","roadmap_java_developer","learning_path","https://skillbun.tech/roadmap/java_developer","P1","English","tech students and self-taught learners","candidate_catalog_grounded","public/data/roadmaps/java_developer.json: title; description; learn; tree","Review visible role overview; learning sequence; prerequisites; and topical resources. Use one canonical page for related terms","not_measured","2026-10-03"
"java developer skills to learn","roadmap_java_developer","learning_path","https://skillbun.tech/roadmap/java_developer","P1","English","tech students and self-taught learners","candidate_catalog_grounded","public/data/roadmaps/java_developer.json: title; description; learn; tree","Review visible role overview; learning sequence; prerequisites; and topical resources. Use one canonical page for related terms","not_measured","2026-10-03"
"java developer prerequisites","roadmap_java_developer","learning_path","https://skillbun.tech/roadmap/java_developer","P1","English","tech students and self-taught learners","candidate_catalog_grounded","public/data/roadmaps/java_developer.json: title; description; learn; tree","Review visible role overview; learning sequence; prerequisites; and topical resources. Use one canonical page for related terms","not_measured","2026-10-03"
"spring boot developer roadmap","roadmap_java_developer","learning_path","https://skillbun.tech/roadmap/java_developer","P1","English","tech students and self-taught learners","candidate_catalog_grounded","public/data/roadmaps/java_developer.json: title; description; learn; tree","Review visible role overview; learning sequence; prerequisites; and topical resources. Use one canonical page for related terms","not_measured","2026-10-03"
"java backend learning path","roadmap_java_developer","learning_path","https://skillbun.tech/roadmap/java_developer","P1","English","tech students and self-taught learners","candidate_catalog_grounded","public/data/roadmaps/java_developer.json: title; description; learn; tree","Review visible role overview; learning sequence; prerequisites; and topical resources. Use one canonical page for related terms","not_measured","2026-10-03"
"kubernetes engineer roadmap","roadmap_kubernetes_engineer","learning_path","https://skillbun.tech/roadmap/kubernetes_engineer","P2","English","tech students and self-taught learners","candidate_catalog_grounded","public/data/roadmaps/kubernetes_engineer.json: title; description; learn; tree","Review visible role overview; learning sequence; prerequisites; and topical resources. Use one canonical page for related terms","not_measured","2026-10-03"
"kubernetes engineer learning path","roadmap_kubernetes_engineer","learning_path","https://skillbun.tech/roadmap/kubernetes_engineer","P2","English","tech students and self-taught learners","candidate_catalog_grounded","public/data/roadmaps/kubernetes_engineer.json: title; description; learn; tree","Review visible role overview; learning sequence; prerequisites; and topical resources. Use one canonical page for related terms","not_measured","2026-10-03"
"kubernetes engineer skills to learn","roadmap_kubernetes_engineer","learning_path","https://skillbun.tech/roadmap/kubernetes_engineer","P2","English","tech students and self-taught learners","candidate_catalog_grounded","public/data/roadmaps/kubernetes_engineer.json: title; description; learn; tree","Review visible role overview; learning sequence; prerequisites; and topical resources. Use one canonical page for related terms","not_measured","2026-10-03"
"kubernetes engineer prerequisites","roadmap_kubernetes_engineer","learning_path","https://skillbun.tech/roadmap/kubernetes_engineer","P2","English","tech students and self-taught learners","candidate_catalog_grounded","public/data/roadmaps/kubernetes_engineer.json: title; description; learn; tree","Review visible role overview; learning sequence; prerequisites; and topical resources. Use one canonical page for related terms","not_measured","2026-10-03"
"kubernetes learning path","roadmap_kubernetes_engineer","learning_path","https://skillbun.tech/roadmap/kubernetes_engineer","P2","English","tech students and self-taught learners","candidate_catalog_grounded","public/data/roadmaps/kubernetes_engineer.json: title; description; learn; tree","Review visible role overview; learning sequence; prerequisites; and topical resources. Use one canonical page for related terms","not_measured","2026-10-03"
"kubernetes administration roadmap","roadmap_kubernetes_engineer","learning_path","https://skillbun.tech/roadmap/kubernetes_engineer","P2","English","tech students and self-taught learners","candidate_catalog_grounded","public/data/roadmaps/kubernetes_engineer.json: title; description; learn; tree","Review visible role overview; learning sequence; prerequisites; and topical resources. Use one canonical page for related terms","not_measured","2026-10-03"
"linux system administrator roadmap","roadmap_linux_system_admin","learning_path","https://skillbun.tech/roadmap/linux_system_admin","P2","English","tech students and self-taught learners","candidate_catalog_grounded","public/data/roadmaps/linux_system_admin.json: title; description; learn; tree","Review visible role overview; learning sequence; prerequisites; and topical resources. Use one canonical page for related terms","not_measured","2026-10-03"
"linux system administrator learning path","roadmap_linux_system_admin","learning_path","https://skillbun.tech/roadmap/linux_system_admin","P2","English","tech students and self-taught learners","candidate_catalog_grounded","public/data/roadmaps/linux_system_admin.json: title; description; learn; tree","Review visible role overview; learning sequence; prerequisites; and topical resources. Use one canonical page for related terms","not_measured","2026-10-03"
"linux system administrator skills to learn","roadmap_linux_system_admin","learning_path","https://skillbun.tech/roadmap/linux_system_admin","P2","English","tech students and self-taught learners","candidate_catalog_grounded","public/data/roadmaps/linux_system_admin.json: title; description; learn; tree","Review visible role overview; learning sequence; prerequisites; and topical resources. Use one canonical page for related terms","not_measured","2026-10-03"
"linux system administrator prerequisites","roadmap_linux_system_admin","learning_path","https://skillbun.tech/roadmap/linux_system_admin","P2","English","tech students and self-taught learners","candidate_catalog_grounded","public/data/roadmaps/linux_system_admin.json: title; description; learn; tree","Review visible role overview; learning sequence; prerequisites; and topical resources. Use one canonical page for related terms","not_measured","2026-10-03"
"linux administration learning path","roadmap_linux_system_admin","learning_path","https://skillbun.tech/roadmap/linux_system_admin","P2","English","tech students and self-taught learners","candidate_catalog_grounded","public/data/roadmaps/linux_system_admin.json: title; description; learn; tree","Review visible role overview; learning sequence; prerequisites; and topical resources. Use one canonical page for related terms","not_measured","2026-10-03"
"linux sysadmin skills","roadmap_linux_system_admin","learning_path","https://skillbun.tech/roadmap/linux_system_admin","P2","English","tech students and self-taught learners","candidate_catalog_grounded","public/data/roadmaps/linux_system_admin.json: title; description; learn; tree","Review visible role overview; learning sequence; prerequisites; and topical resources. Use one canonical page for related terms","not_measured","2026-10-03"
"llmops engineer roadmap","roadmap_llmops_engineer","learning_path","https://skillbun.tech/roadmap/llmops_engineer","P2","English","tech students and self-taught learners","candidate_catalog_grounded","public/data/roadmaps/llmops_engineer.json: title; description; learn; tree","Review visible role overview; learning sequence; prerequisites; and topical resources. Use one canonical page for related terms","not_measured","2026-10-03"
"llmops engineer learning path","roadmap_llmops_engineer","learning_path","https://skillbun.tech/roadmap/llmops_engineer","P2","English","tech students and self-taught learners","candidate_catalog_grounded","public/data/roadmaps/llmops_engineer.json: title; description; learn; tree","Review visible role overview; learning sequence; prerequisites; and topical resources. Use one canonical page for related terms","not_measured","2026-10-03"
"llmops engineer skills to learn","roadmap_llmops_engineer","learning_path","https://skillbun.tech/roadmap/llmops_engineer","P2","English","tech students and self-taught learners","candidate_catalog_grounded","public/data/roadmaps/llmops_engineer.json: title; description; learn; tree","Review visible role overview; learning sequence; prerequisites; and topical resources. Use one canonical page for related terms","not_measured","2026-10-03"
"llmops engineer prerequisites","roadmap_llmops_engineer","learning_path","https://skillbun.tech/roadmap/llmops_engineer","P2","English","tech students and self-taught learners","candidate_catalog_grounded","public/data/roadmaps/llmops_engineer.json: title; description; learn; tree","Review visible role overview; learning sequence; prerequisites; and topical resources. Use one canonical page for related terms","not_measured","2026-10-03"
"llm deployment learning path","roadmap_llmops_engineer","learning_path","https://skillbun.tech/roadmap/llmops_engineer","P2","English","tech students and self-taught learners","candidate_catalog_grounded","public/data/roadmaps/llmops_engineer.json: title; description; learn; tree","Review visible role overview; learning sequence; prerequisites; and topical resources. Use one canonical page for related terms","not_measured","2026-10-03"
"llm observability roadmap","roadmap_llmops_engineer","learning_path","https://skillbun.tech/roadmap/llmops_engineer","P2","English","tech students and self-taught learners","candidate_catalog_grounded","public/data/roadmaps/llmops_engineer.json: title; description; learn; tree","Review visible role overview; learning sequence; prerequisites; and topical resources. Use one canonical page for related terms","not_measured","2026-10-03"
"macos developer roadmap","roadmap_macos_developer","learning_path","https://skillbun.tech/roadmap/macos_developer","P2","English","tech students and self-taught learners","candidate_catalog_grounded","public/data/roadmaps/macos_developer.json: title; description; learn; tree","Review visible role overview; learning sequence; prerequisites; and topical resources. Use one canonical page for related terms","not_measured","2026-10-03"
"macos developer learning path","roadmap_macos_developer","learning_path","https://skillbun.tech/roadmap/macos_developer","P2","English","tech students and self-taught learners","candidate_catalog_grounded","public/data/roadmaps/macos_developer.json: title; description; learn; tree","Review visible role overview; learning sequence; prerequisites; and topical resources. Use one canonical page for related terms","not_measured","2026-10-03"
"macos developer skills to learn","roadmap_macos_developer","learning_path","https://skillbun.tech/roadmap/macos_developer","P2","English","tech students and self-taught learners","candidate_catalog_grounded","public/data/roadmaps/macos_developer.json: title; description; learn; tree","Review visible role overview; learning sequence; prerequisites; and topical resources. Use one canonical page for related terms","not_measured","2026-10-03"
"macos developer prerequisites","roadmap_macos_developer","learning_path","https://skillbun.tech/roadmap/macos_developer","P2","English","tech students and self-taught learners","candidate_catalog_grounded","public/data/roadmaps/macos_developer.json: title; description; learn; tree","Review visible role overview; learning sequence; prerequisites; and topical resources. Use one canonical page for related terms","not_measured","2026-10-03"
"macos app development learning path","roadmap_macos_developer","learning_path","https://skillbun.tech/roadmap/macos_developer","P2","English","tech students and self-taught learners","candidate_catalog_grounded","public/data/roadmaps/macos_developer.json: title; description; learn; tree","Review visible role overview; learning sequence; prerequisites; and topical resources. Use one canonical page for related terms","not_measured","2026-10-03"
"swift macos roadmap","roadmap_macos_developer","learning_path","https://skillbun.tech/roadmap/macos_developer","P2","English","tech students and self-taught learners","candidate_catalog_grounded","public/data/roadmaps/macos_developer.json: title; description; learn; tree","Review visible role overview; learning sequence; prerequisites; and topical resources. Use one canonical page for related terms","not_measured","2026-10-03"
"malware analyst roadmap","roadmap_malware_analyst","learning_path","https://skillbun.tech/roadmap/malware_analyst","P2","English","tech students and self-taught learners","candidate_catalog_grounded","public/data/roadmaps/malware_analyst.json: title; description; learn; tree","Review visible role overview; learning sequence; prerequisites; and topical resources. Use one canonical page for related terms","not_measured","2026-10-03"
"malware analyst learning path","roadmap_malware_analyst","learning_path","https://skillbun.tech/roadmap/malware_analyst","P2","English","tech students and self-taught learners","candidate_catalog_grounded","public/data/roadmaps/malware_analyst.json: title; description; learn; tree","Review visible role overview; learning sequence; prerequisites; and topical resources. Use one canonical page for related terms","not_measured","2026-10-03"
"malware analyst skills to learn","roadmap_malware_analyst","learning_path","https://skillbun.tech/roadmap/malware_analyst","P2","English","tech students and self-taught learners","candidate_catalog_grounded","public/data/roadmaps/malware_analyst.json: title; description; learn; tree","Review visible role overview; learning sequence; prerequisites; and topical resources. Use one canonical page for related terms","not_measured","2026-10-03"
"malware analyst prerequisites","roadmap_malware_analyst","learning_path","https://skillbun.tech/roadmap/malware_analyst","P2","English","tech students and self-taught learners","candidate_catalog_grounded","public/data/roadmaps/malware_analyst.json: title; description; learn; tree","Review visible role overview; learning sequence; prerequisites; and topical resources. Use one canonical page for related terms","not_measured","2026-10-03"
"malware analysis learning path","roadmap_malware_analyst","learning_path","https://skillbun.tech/roadmap/malware_analyst","P2","English","tech students and self-taught learners","candidate_catalog_grounded","public/data/roadmaps/malware_analyst.json: title; description; learn; tree","Review visible role overview; learning sequence; prerequisites; and topical resources. Use one canonical page for related terms","not_measured","2026-10-03"
"reverse engineering malware roadmap","roadmap_malware_analyst","learning_path","https://skillbun.tech/roadmap/malware_analyst","P2","English","tech students and self-taught learners","candidate_catalog_grounded","public/data/roadmaps/malware_analyst.json: title; description; learn; tree","Review visible role overview; learning sequence; prerequisites; and topical resources. Use one canonical page for related terms","not_measured","2026-10-03"
"mlops engineer roadmap","roadmap_mlops_engineer","learning_path","https://skillbun.tech/roadmap/mlops_engineer","P2","English","tech students and self-taught learners","candidate_catalog_grounded","public/data/roadmaps/mlops_engineer.json: title; description; learn; tree","Review visible role overview; learning sequence; prerequisites; and topical resources. Use one canonical page for related terms","not_measured","2026-10-03"
"mlops engineer learning path","roadmap_mlops_engineer","learning_path","https://skillbun.tech/roadmap/mlops_engineer","P2","English","tech students and self-taught learners","candidate_catalog_grounded","public/data/roadmaps/mlops_engineer.json: title; description; learn; tree","Review visible role overview; learning sequence; prerequisites; and topical resources. Use one canonical page for related terms","not_measured","2026-10-03"
"mlops engineer skills to learn","roadmap_mlops_engineer","learning_path","https://skillbun.tech/roadmap/mlops_engineer","P2","English","tech students and self-taught learners","candidate_catalog_grounded","public/data/roadmaps/mlops_engineer.json: title; description; learn; tree","Review visible role overview; learning sequence; prerequisites; and topical resources. Use one canonical page for related terms","not_measured","2026-10-03"
"mlops engineer prerequisites","roadmap_mlops_engineer","learning_path","https://skillbun.tech/roadmap/mlops_engineer","P2","English","tech students and self-taught learners","candidate_catalog_grounded","public/data/roadmaps/mlops_engineer.json: title; description; learn; tree","Review visible role overview; learning sequence; prerequisites; and topical resources. Use one canonical page for related terms","not_measured","2026-10-03"
"mlops learning path","roadmap_mlops_engineer","learning_path","https://skillbun.tech/roadmap/mlops_engineer","P2","English","tech students and self-taught learners","candidate_catalog_grounded","public/data/roadmaps/mlops_engineer.json: title; description; learn; tree","Review visible role overview; learning sequence; prerequisites; and topical resources. Use one canonical page for related terms","not_measured","2026-10-03"
"machine learning deployment roadmap","roadmap_mlops_engineer","learning_path","https://skillbun.tech/roadmap/mlops_engineer","P2","English","tech students and self-taught learners","candidate_catalog_grounded","public/data/roadmaps/mlops_engineer.json: title; description; learn; tree","Review visible role overview; learning sequence; prerequisites; and topical resources. Use one canonical page for related terms","not_measured","2026-10-03"
"network engineer roadmap","roadmap_network_engineer","learning_path","https://skillbun.tech/roadmap/network_engineer","P2","English","tech students and self-taught learners","candidate_catalog_grounded","public/data/roadmaps/network_engineer.json: title; description; learn; tree","Review visible role overview; learning sequence; prerequisites; and topical resources. Use one canonical page for related terms","not_measured","2026-10-03"
"network engineer learning path","roadmap_network_engineer","learning_path","https://skillbun.tech/roadmap/network_engineer","P2","English","tech students and self-taught learners","candidate_catalog_grounded","public/data/roadmaps/network_engineer.json: title; description; learn; tree","Review visible role overview; learning sequence; prerequisites; and topical resources. Use one canonical page for related terms","not_measured","2026-10-03"
"network engineer skills to learn","roadmap_network_engineer","learning_path","https://skillbun.tech/roadmap/network_engineer","P2","English","tech students and self-taught learners","candidate_catalog_grounded","public/data/roadmaps/network_engineer.json: title; description; learn; tree","Review visible role overview; learning sequence; prerequisites; and topical resources. Use one canonical page for related terms","not_measured","2026-10-03"
"network engineer prerequisites","roadmap_network_engineer","learning_path","https://skillbun.tech/roadmap/network_engineer","P2","English","tech students and self-taught learners","candidate_catalog_grounded","public/data/roadmaps/network_engineer.json: title; description; learn; tree","Review visible role overview; learning sequence; prerequisites; and topical resources. Use one canonical page for related terms","not_measured","2026-10-03"
"network engineering learning path","roadmap_network_engineer","learning_path","https://skillbun.tech/roadmap/network_engineer","P2","English","tech students and self-taught learners","candidate_catalog_grounded","public/data/roadmaps/network_engineer.json: title; description; learn; tree","Review visible role overview; learning sequence; prerequisites; and topical resources. Use one canonical page for related terms","not_measured","2026-10-03"
"computer networking skills roadmap","roadmap_network_engineer","learning_path","https://skillbun.tech/roadmap/network_engineer","P2","English","tech students and self-taught learners","candidate_catalog_grounded","public/data/roadmaps/network_engineer.json: title; description; learn; tree","Review visible role overview; learning sequence; prerequisites; and topical resources. Use one canonical page for related terms","not_measured","2026-10-03"
"next js developer roadmap","roadmap_nextjs_developer","learning_path","https://skillbun.tech/roadmap/nextjs_developer","P2","English","tech students and self-taught learners","candidate_catalog_grounded","public/data/roadmaps/nextjs_developer.json: title; description; learn; tree","Review visible role overview; learning sequence; prerequisites; and topical resources. Use one canonical page for related terms","not_measured","2026-10-03"
"next.js developer learning path","roadmap_nextjs_developer","learning_path","https://skillbun.tech/roadmap/nextjs_developer","P2","English","tech students and self-taught learners","candidate_catalog_grounded","public/data/roadmaps/nextjs_developer.json: title; description; learn; tree","Review visible role overview; learning sequence; prerequisites; and topical resources. Use one canonical page for related terms","not_measured","2026-10-03"
"next.js developer skills to learn","roadmap_nextjs_developer","learning_path","https://skillbun.tech/roadmap/nextjs_developer","P2","English","tech students and self-taught learners","candidate_catalog_grounded","public/data/roadmaps/nextjs_developer.json: title; description; learn; tree","Review visible role overview; learning sequence; prerequisites; and topical resources. Use one canonical page for related terms","not_measured","2026-10-03"
"next.js developer prerequisites","roadmap_nextjs_developer","learning_path","https://skillbun.tech/roadmap/nextjs_developer","P2","English","tech students and self-taught learners","candidate_catalog_grounded","public/data/roadmaps/nextjs_developer.json: title; description; learn; tree","Review visible role overview; learning sequence; prerequisites; and topical resources. Use one canonical page for related terms","not_measured","2026-10-03"
"nextjs learning path","roadmap_nextjs_developer","learning_path","https://skillbun.tech/roadmap/nextjs_developer","P2","English","tech students and self-taught learners","candidate_catalog_grounded","public/data/roadmaps/nextjs_developer.json: title; description; learn; tree","Review visible role overview; learning sequence; prerequisites; and topical resources. Use one canonical page for related terms","not_measured","2026-10-03"
"react and next js roadmap","roadmap_nextjs_developer","learning_path","https://skillbun.tech/roadmap/nextjs_developer","P2","English","tech students and self-taught learners","candidate_catalog_grounded","public/data/roadmaps/nextjs_developer.json: title; description; learn; tree","Review visible role overview; learning sequence; prerequisites; and topical resources. Use one canonical page for related terms","not_measured","2026-10-03"
"nlp engineer roadmap","roadmap_nlp_engineer","learning_path","https://skillbun.tech/roadmap/nlp_engineer","P2","English","tech students and self-taught learners","candidate_catalog_grounded","public/data/roadmaps/nlp_engineer.json: title; description; learn; tree","Review visible role overview; learning sequence; prerequisites; and topical resources. Use one canonical page for related terms","not_measured","2026-10-03"
"nlp engineer learning path","roadmap_nlp_engineer","learning_path","https://skillbun.tech/roadmap/nlp_engineer","P2","English","tech students and self-taught learners","candidate_catalog_grounded","public/data/roadmaps/nlp_engineer.json: title; description; learn; tree","Review visible role overview; learning sequence; prerequisites; and topical resources. Use one canonical page for related terms","not_measured","2026-10-03"
"nlp engineer skills to learn","roadmap_nlp_engineer","learning_path","https://skillbun.tech/roadmap/nlp_engineer","P2","English","tech students and self-taught learners","candidate_catalog_grounded","public/data/roadmaps/nlp_engineer.json: title; description; learn; tree","Review visible role overview; learning sequence; prerequisites; and topical resources. Use one canonical page for related terms","not_measured","2026-10-03"
"nlp engineer prerequisites","roadmap_nlp_engineer","learning_path","https://skillbun.tech/roadmap/nlp_engineer","P2","English","tech students and self-taught learners","candidate_catalog_grounded","public/data/roadmaps/nlp_engineer.json: title; description; learn; tree","Review visible role overview; learning sequence; prerequisites; and topical resources. Use one canonical page for related terms","not_measured","2026-10-03"
"natural language processing learning path","roadmap_nlp_engineer","learning_path","https://skillbun.tech/roadmap/nlp_engineer","P2","English","tech students and self-taught learners","candidate_catalog_grounded","public/data/roadmaps/nlp_engineer.json: title; description; learn; tree","Review visible role overview; learning sequence; prerequisites; and topical resources. Use one canonical page for related terms","not_measured","2026-10-03"
"nlp machine learning roadmap","roadmap_nlp_engineer","learning_path","https://skillbun.tech/roadmap/nlp_engineer","P2","English","tech students and self-taught learners","candidate_catalog_grounded","public/data/roadmaps/nlp_engineer.json: title; description; learn; tree","Review visible role overview; learning sequence; prerequisites; and topical resources. Use one canonical page for related terms","not_measured","2026-10-03"
"no code developer roadmap","roadmap_no_code_low_code_developer","learning_path","https://skillbun.tech/roadmap/no_code_low_code_developer","P2","English","tech students and self-taught learners","candidate_catalog_grounded","public/data/roadmaps/no_code_low_code_developer.json: title; description; learn; tree","Review visible role overview; learning sequence; prerequisites; and topical resources. Use one canonical page for related terms","not_measured","2026-10-03"
"no-code low-code developer learning path","roadmap_no_code_low_code_developer","learning_path","https://skillbun.tech/roadmap/no_code_low_code_developer","P2","English","tech students and self-taught learners","candidate_catalog_grounded","public/data/roadmaps/no_code_low_code_developer.json: title; description; learn; tree","Review visible role overview; learning sequence; prerequisites; and topical resources. Use one canonical page for related terms","not_measured","2026-10-03"
"no-code low-code developer skills to learn","roadmap_no_code_low_code_developer","learning_path","https://skillbun.tech/roadmap/no_code_low_code_developer","P2","English","tech students and self-taught learners","candidate_catalog_grounded","public/data/roadmaps/no_code_low_code_developer.json: title; description; learn; tree","Review visible role overview; learning sequence; prerequisites; and topical resources. Use one canonical page for related terms","not_measured","2026-10-03"
"no-code low-code developer prerequisites","roadmap_no_code_low_code_developer","learning_path","https://skillbun.tech/roadmap/no_code_low_code_developer","P2","English","tech students and self-taught learners","candidate_catalog_grounded","public/data/roadmaps/no_code_low_code_developer.json: title; description; learn; tree","Review visible role overview; learning sequence; prerequisites; and topical resources. Use one canonical page for related terms","not_measured","2026-10-03"
"low code development learning path","roadmap_no_code_low_code_developer","learning_path","https://skillbun.tech/roadmap/no_code_low_code_developer","P2","English","tech students and self-taught learners","candidate_catalog_grounded","public/data/roadmaps/no_code_low_code_developer.json: title; description; learn; tree","Review visible role overview; learning sequence; prerequisites; and topical resources. Use one canonical page for related terms","not_measured","2026-10-03"
"no code app development roadmap","roadmap_no_code_low_code_developer","learning_path","https://skillbun.tech/roadmap/no_code_low_code_developer","P2","English","tech students and self-taught learners","candidate_catalog_grounded","public/data/roadmaps/no_code_low_code_developer.json: title; description; learn; tree","Review visible role overview; learning sequence; prerequisites; and topical resources. Use one canonical page for related terms","not_measured","2026-10-03"
"observability engineer roadmap","roadmap_observability_engineer","learning_path","https://skillbun.tech/roadmap/observability_engineer","P2","English","tech students and self-taught learners","candidate_catalog_grounded","public/data/roadmaps/observability_engineer.json: title; description; learn; tree","Review visible role overview; learning sequence; prerequisites; and topical resources. Use one canonical page for related terms","not_measured","2026-10-03"
"observability engineer learning path","roadmap_observability_engineer","learning_path","https://skillbun.tech/roadmap/observability_engineer","P2","English","tech students and self-taught learners","candidate_catalog_grounded","public/data/roadmaps/observability_engineer.json: title; description; learn; tree","Review visible role overview; learning sequence; prerequisites; and topical resources. Use one canonical page for related terms","not_measured","2026-10-03"
"observability engineer skills to learn","roadmap_observability_engineer","learning_path","https://skillbun.tech/roadmap/observability_engineer","P2","English","tech students and self-taught learners","candidate_catalog_grounded","public/data/roadmaps/observability_engineer.json: title; description; learn; tree","Review visible role overview; learning sequence; prerequisites; and topical resources. Use one canonical page for related terms","not_measured","2026-10-03"
"observability engineer prerequisites","roadmap_observability_engineer","learning_path","https://skillbun.tech/roadmap/observability_engineer","P2","English","tech students and self-taught learners","candidate_catalog_grounded","public/data/roadmaps/observability_engineer.json: title; description; learn; tree","Review visible role overview; learning sequence; prerequisites; and topical resources. Use one canonical page for related terms","not_measured","2026-10-03"
"opentelemetry learning path","roadmap_observability_engineer","learning_path","https://skillbun.tech/roadmap/observability_engineer","P2","English","tech students and self-taught learners","candidate_catalog_grounded","public/data/roadmaps/observability_engineer.json: title; description; learn; tree","Review visible role overview; learning sequence; prerequisites; and topical resources. Use one canonical page for related terms","not_measured","2026-10-03"
"monitoring and observability roadmap","roadmap_observability_engineer","learning_path","https://skillbun.tech/roadmap/observability_engineer","P2","English","tech students and self-taught learners","candidate_catalog_grounded","public/data/roadmaps/observability_engineer.json: title; description; learn; tree","Review visible role overview; learning sequence; prerequisites; and topical resources. Use one canonical page for related terms","not_measured","2026-10-03"
"penetration tester roadmap","roadmap_penetration_tester","learning_path","https://skillbun.tech/roadmap/penetration_tester","P2","English","tech students and self-taught learners","candidate_catalog_grounded","public/data/roadmaps/penetration_tester.json: title; description; learn; tree","Review visible role overview; learning sequence; prerequisites; and topical resources. Use one canonical page for related terms","not_measured","2026-10-03"
"penetration tester learning path","roadmap_penetration_tester","learning_path","https://skillbun.tech/roadmap/penetration_tester","P2","English","tech students and self-taught learners","candidate_catalog_grounded","public/data/roadmaps/penetration_tester.json: title; description; learn; tree","Review visible role overview; learning sequence; prerequisites; and topical resources. Use one canonical page for related terms","not_measured","2026-10-03"
"penetration tester skills to learn","roadmap_penetration_tester","learning_path","https://skillbun.tech/roadmap/penetration_tester","P2","English","tech students and self-taught learners","candidate_catalog_grounded","public/data/roadmaps/penetration_tester.json: title; description; learn; tree","Review visible role overview; learning sequence; prerequisites; and topical resources. Use one canonical page for related terms","not_measured","2026-10-03"
"penetration tester prerequisites","roadmap_penetration_tester","learning_path","https://skillbun.tech/roadmap/penetration_tester","P2","English","tech students and self-taught learners","candidate_catalog_grounded","public/data/roadmaps/penetration_tester.json: title; description; learn; tree","Review visible role overview; learning sequence; prerequisites; and topical resources. Use one canonical page for related terms","not_measured","2026-10-03"
"ethical hacking learning path","roadmap_penetration_tester","learning_path","https://skillbun.tech/roadmap/penetration_tester","P2","English","tech students and self-taught learners","candidate_catalog_grounded","public/data/roadmaps/penetration_tester.json: title; description; learn; tree","Review visible role overview; learning sequence; prerequisites; and topical resources. Use one canonical page for related terms","not_measured","2026-10-03"
"penetration testing skills roadmap","roadmap_penetration_tester","learning_path","https://skillbun.tech/roadmap/penetration_tester","P2","English","tech students and self-taught learners","candidate_catalog_grounded","public/data/roadmaps/penetration_tester.json: title; description; learn; tree","Review visible role overview; learning sequence; prerequisites; and topical resources. Use one canonical page for related terms","not_measured","2026-10-03"
"php laravel developer roadmap","roadmap_php_laravel_developer","learning_path","https://skillbun.tech/roadmap/php_laravel_developer","P2","English","tech students and self-taught learners","candidate_catalog_grounded","public/data/roadmaps/php_laravel_developer.json: title; description; learn; tree","Review visible role overview; learning sequence; prerequisites; and topical resources. Use one canonical page for related terms","not_measured","2026-10-03"
"php and laravel developer learning path","roadmap_php_laravel_developer","learning_path","https://skillbun.tech/roadmap/php_laravel_developer","P2","English","tech students and self-taught learners","candidate_catalog_grounded","public/data/roadmaps/php_laravel_developer.json: title; description; learn; tree","Review visible role overview; learning sequence; prerequisites; and topical resources. Use one canonical page for related terms","not_measured","2026-10-03"
"php and laravel developer skills to learn","roadmap_php_laravel_developer","learning_path","https://skillbun.tech/roadmap/php_laravel_developer","P2","English","tech students and self-taught learners","candidate_catalog_grounded","public/data/roadmaps/php_laravel_developer.json: title; description; learn; tree","Review visible role overview; learning sequence; prerequisites; and topical resources. Use one canonical page for related terms","not_measured","2026-10-03"
"php and laravel developer prerequisites","roadmap_php_laravel_developer","learning_path","https://skillbun.tech/roadmap/php_laravel_developer","P2","English","tech students and self-taught learners","candidate_catalog_grounded","public/data/roadmaps/php_laravel_developer.json: title; description; learn; tree","Review visible role overview; learning sequence; prerequisites; and topical resources. Use one canonical page for related terms","not_measured","2026-10-03"
"laravel learning path","roadmap_php_laravel_developer","learning_path","https://skillbun.tech/roadmap/php_laravel_developer","P2","English","tech students and self-taught learners","candidate_catalog_grounded","public/data/roadmaps/php_laravel_developer.json: title; description; learn; tree","Review visible role overview; learning sequence; prerequisites; and topical resources. Use one canonical page for related terms","not_measured","2026-10-03"
"php backend developer roadmap","roadmap_php_laravel_developer","learning_path","https://skillbun.tech/roadmap/php_laravel_developer","P2","English","tech students and self-taught learners","candidate_catalog_grounded","public/data/roadmaps/php_laravel_developer.json: title; description; learn; tree","Review visible role overview; learning sequence; prerequisites; and topical resources. Use one canonical page for related terms","not_measured","2026-10-03"
"platform engineer roadmap","roadmap_platform_engineer","learning_path","https://skillbun.tech/roadmap/platform_engineer","P2","English","tech students and self-taught learners","candidate_catalog_grounded","public/data/roadmaps/platform_engineer.json: title; description; learn; tree","Review visible role overview; learning sequence; prerequisites; and topical resources. Use one canonical page for related terms","not_measured","2026-10-03"
"platform engineer learning path","roadmap_platform_engineer","learning_path","https://skillbun.tech/roadmap/platform_engineer","P2","English","tech students and self-taught learners","candidate_catalog_grounded","public/data/roadmaps/platform_engineer.json: title; description; learn; tree","Review visible role overview; learning sequence; prerequisites; and topical resources. Use one canonical page for related terms","not_measured","2026-10-03"
"platform engineer skills to learn","roadmap_platform_engineer","learning_path","https://skillbun.tech/roadmap/platform_engineer","P2","English","tech students and self-taught learners","candidate_catalog_grounded","public/data/roadmaps/platform_engineer.json: title; description; learn; tree","Review visible role overview; learning sequence; prerequisites; and topical resources. Use one canonical page for related terms","not_measured","2026-10-03"
"platform engineer prerequisites","roadmap_platform_engineer","learning_path","https://skillbun.tech/roadmap/platform_engineer","P2","English","tech students and self-taught learners","candidate_catalog_grounded","public/data/roadmaps/platform_engineer.json: title; description; learn; tree","Review visible role overview; learning sequence; prerequisites; and topical resources. Use one canonical page for related terms","not_measured","2026-10-03"
"platform engineering learning path","roadmap_platform_engineer","learning_path","https://skillbun.tech/roadmap/platform_engineer","P2","English","tech students and self-taught learners","candidate_catalog_grounded","public/data/roadmaps/platform_engineer.json: title; description; learn; tree","Review visible role overview; learning sequence; prerequisites; and topical resources. Use one canonical page for related terms","not_measured","2026-10-03"
"internal developer platform skills","roadmap_platform_engineer","learning_path","https://skillbun.tech/roadmap/platform_engineer","P2","English","tech students and self-taught learners","candidate_catalog_grounded","public/data/roadmaps/platform_engineer.json: title; description; learn; tree","Review visible role overview; learning sequence; prerequisites; and topical resources. Use one canonical page for related terms","not_measured","2026-10-03"
"product designer roadmap","roadmap_product_designer","learning_path","https://skillbun.tech/roadmap/product_designer","P2","English","tech students and self-taught learners","candidate_catalog_grounded","public/data/roadmaps/product_designer.json: title; description; learn; tree","Review visible role overview; learning sequence; prerequisites; and topical resources. Use one canonical page for related terms","not_measured","2026-10-03"
"product designer learning path","roadmap_product_designer","learning_path","https://skillbun.tech/roadmap/product_designer","P2","English","tech students and self-taught learners","candidate_catalog_grounded","public/data/roadmaps/product_designer.json: title; description; learn; tree","Review visible role overview; learning sequence; prerequisites; and topical resources. Use one canonical page for related terms","not_measured","2026-10-03"
"product designer skills to learn","roadmap_product_designer","learning_path","https://skillbun.tech/roadmap/product_designer","P2","English","tech students and self-taught learners","candidate_catalog_grounded","public/data/roadmaps/product_designer.json: title; description; learn; tree","Review visible role overview; learning sequence; prerequisites; and topical resources. Use one canonical page for related terms","not_measured","2026-10-03"
"product designer prerequisites","roadmap_product_designer","learning_path","https://skillbun.tech/roadmap/product_designer","P2","English","tech students and self-taught learners","candidate_catalog_grounded","public/data/roadmaps/product_designer.json: title; description; learn; tree","Review visible role overview; learning sequence; prerequisites; and topical resources. Use one canonical page for related terms","not_measured","2026-10-03"
"digital product design learning path","roadmap_product_designer","learning_path","https://skillbun.tech/roadmap/product_designer","P2","English","tech students and self-taught learners","candidate_catalog_grounded","public/data/roadmaps/product_designer.json: title; description; learn; tree","Review visible role overview; learning sequence; prerequisites; and topical resources. Use one canonical page for related terms","not_measured","2026-10-03"
"product design portfolio skills","roadmap_product_designer","learning_path","https://skillbun.tech/roadmap/product_designer","P2","English","tech students and self-taught learners","candidate_catalog_grounded","public/data/roadmaps/product_designer.json: title; description; learn; tree","Review visible role overview; learning sequence; prerequisites; and topical resources. Use one canonical page for related terms","not_measured","2026-10-03"
"product manager roadmap","roadmap_product_manager","learning_path","https://skillbun.tech/roadmap/product_manager","P2","English","tech students and self-taught learners","candidate_catalog_grounded","public/data/roadmaps/product_manager.json: title; description; learn; tree","Review visible role overview; learning sequence; prerequisites; and topical resources. Use one canonical page for related terms","not_measured","2026-10-03"
"product manager learning path","roadmap_product_manager","learning_path","https://skillbun.tech/roadmap/product_manager","P2","English","tech students and self-taught learners","candidate_catalog_grounded","public/data/roadmaps/product_manager.json: title; description; learn; tree","Review visible role overview; learning sequence; prerequisites; and topical resources. Use one canonical page for related terms","not_measured","2026-10-03"
"product manager skills to learn","roadmap_product_manager","learning_path","https://skillbun.tech/roadmap/product_manager","P2","English","tech students and self-taught learners","candidate_catalog_grounded","public/data/roadmaps/product_manager.json: title; description; learn; tree","Review visible role overview; learning sequence; prerequisites; and topical resources. Use one canonical page for related terms","not_measured","2026-10-03"
"product manager prerequisites","roadmap_product_manager","learning_path","https://skillbun.tech/roadmap/product_manager","P2","English","tech students and self-taught learners","candidate_catalog_grounded","public/data/roadmaps/product_manager.json: title; description; learn; tree","Review visible role overview; learning sequence; prerequisites; and topical resources. Use one canonical page for related terms","not_measured","2026-10-03"
"technical product management learning path","roadmap_product_manager","learning_path","https://skillbun.tech/roadmap/product_manager","P2","English","tech students and self-taught learners","candidate_catalog_grounded","public/data/roadmaps/product_manager.json: title; description; learn; tree","Review visible role overview; learning sequence; prerequisites; and topical resources. Use one canonical page for related terms","not_measured","2026-10-03"
"product management skills roadmap","roadmap_product_manager","learning_path","https://skillbun.tech/roadmap/product_manager","P2","English","tech students and self-taught learners","candidate_catalog_grounded","public/data/roadmaps/product_manager.json: title; description; learn; tree","Review visible role overview; learning sequence; prerequisites; and topical resources. Use one canonical page for related terms","not_measured","2026-10-03"
"prompt engineering roadmap","roadmap_prompt_engineer","learning_path","https://skillbun.tech/roadmap/prompt_engineer","P2","English","tech students and self-taught learners","candidate_catalog_grounded","public/data/roadmaps/prompt_engineer.json: title; description; learn; tree","Review visible role overview; learning sequence; prerequisites; and topical resources. Use one canonical page for related terms","not_measured","2026-10-03"
"prompt engineer learning path","roadmap_prompt_engineer","learning_path","https://skillbun.tech/roadmap/prompt_engineer","P2","English","tech students and self-taught learners","candidate_catalog_grounded","public/data/roadmaps/prompt_engineer.json: title; description; learn; tree","Review visible role overview; learning sequence; prerequisites; and topical resources. Use one canonical page for related terms","not_measured","2026-10-03"
"prompt engineer skills to learn","roadmap_prompt_engineer","learning_path","https://skillbun.tech/roadmap/prompt_engineer","P2","English","tech students and self-taught learners","candidate_catalog_grounded","public/data/roadmaps/prompt_engineer.json: title; description; learn; tree","Review visible role overview; learning sequence; prerequisites; and topical resources. Use one canonical page for related terms","not_measured","2026-10-03"
"prompt engineer prerequisites","roadmap_prompt_engineer","learning_path","https://skillbun.tech/roadmap/prompt_engineer","P2","English","tech students and self-taught learners","candidate_catalog_grounded","public/data/roadmaps/prompt_engineer.json: title; description; learn; tree","Review visible role overview; learning sequence; prerequisites; and topical resources. Use one canonical page for related terms","not_measured","2026-10-03"
"llm prompt evaluation skills","roadmap_prompt_engineer","learning_path","https://skillbun.tech/roadmap/prompt_engineer","P2","English","tech students and self-taught learners","candidate_catalog_grounded","public/data/roadmaps/prompt_engineer.json: title; description; learn; tree","Review visible role overview; learning sequence; prerequisites; and topical resources. Use one canonical page for related terms","not_measured","2026-10-03"
"python developer roadmap","roadmap_python_developer","learning_path","https://skillbun.tech/roadmap/python_developer","P1","English","tech students and self-taught learners","candidate_catalog_grounded","public/data/roadmaps/python_developer.json: title; description; learn; tree","Review visible role overview; learning sequence; prerequisites; and topical resources. Use one canonical page for related terms","not_measured","2026-10-03"
"python developer learning path","roadmap_python_developer","learning_path","https://skillbun.tech/roadmap/python_developer","P1","English","tech students and self-taught learners","candidate_catalog_grounded","public/data/roadmaps/python_developer.json: title; description; learn; tree","Review visible role overview; learning sequence; prerequisites; and topical resources. Use one canonical page for related terms","not_measured","2026-10-03"
"python developer skills to learn","roadmap_python_developer","learning_path","https://skillbun.tech/roadmap/python_developer","P1","English","tech students and self-taught learners","candidate_catalog_grounded","public/data/roadmaps/python_developer.json: title; description; learn; tree","Review visible role overview; learning sequence; prerequisites; and topical resources. Use one canonical page for related terms","not_measured","2026-10-03"
"python developer prerequisites","roadmap_python_developer","learning_path","https://skillbun.tech/roadmap/python_developer","P1","English","tech students and self-taught learners","candidate_catalog_grounded","public/data/roadmaps/python_developer.json: title; description; learn; tree","Review visible role overview; learning sequence; prerequisites; and topical resources. Use one canonical page for related terms","not_measured","2026-10-03"
"python programming learning path","roadmap_python_developer","learning_path","https://skillbun.tech/roadmap/python_developer","P1","English","tech students and self-taught learners","candidate_catalog_grounded","public/data/roadmaps/python_developer.json: title; description; learn; tree","Review visible role overview; learning sequence; prerequisites; and topical resources. Use one canonical page for related terms","not_measured","2026-10-03"
"python backend developer roadmap","roadmap_python_developer","learning_path","https://skillbun.tech/roadmap/python_developer","P1","English","tech students and self-taught learners","candidate_catalog_grounded","public/data/roadmaps/python_developer.json: title; description; learn; tree","Review visible role overview; learning sequence; prerequisites; and topical resources. Use one canonical page for related terms","not_measured","2026-10-03"
"qa automation engineer roadmap","roadmap_qa_automation","learning_path","https://skillbun.tech/roadmap/qa_automation","P2","English","tech students and self-taught learners","candidate_catalog_grounded","public/data/roadmaps/qa_automation.json: title; description; learn; tree","Review visible role overview; learning sequence; prerequisites; and topical resources. Use one canonical page for related terms","not_measured","2026-10-03"
"qa automation engineer learning path","roadmap_qa_automation","learning_path","https://skillbun.tech/roadmap/qa_automation","P2","English","tech students and self-taught learners","candidate_catalog_grounded","public/data/roadmaps/qa_automation.json: title; description; learn; tree","Review visible role overview; learning sequence; prerequisites; and topical resources. Use one canonical page for related terms","not_measured","2026-10-03"
"qa automation engineer skills to learn","roadmap_qa_automation","learning_path","https://skillbun.tech/roadmap/qa_automation","P2","English","tech students and self-taught learners","candidate_catalog_grounded","public/data/roadmaps/qa_automation.json: title; description; learn; tree","Review visible role overview; learning sequence; prerequisites; and topical resources. Use one canonical page for related terms","not_measured","2026-10-03"
"qa automation engineer prerequisites","roadmap_qa_automation","learning_path","https://skillbun.tech/roadmap/qa_automation","P2","English","tech students and self-taught learners","candidate_catalog_grounded","public/data/roadmaps/qa_automation.json: title; description; learn; tree","Review visible role overview; learning sequence; prerequisites; and topical resources. Use one canonical page for related terms","not_measured","2026-10-03"
"automation testing learning path","roadmap_qa_automation","learning_path","https://skillbun.tech/roadmap/qa_automation","P2","English","tech students and self-taught learners","candidate_catalog_grounded","public/data/roadmaps/qa_automation.json: title; description; learn; tree","Review visible role overview; learning sequence; prerequisites; and topical resources. Use one canonical page for related terms","not_measured","2026-10-03"
"test automation engineer skills","roadmap_qa_automation","learning_path","https://skillbun.tech/roadmap/qa_automation","P2","English","tech students and self-taught learners","candidate_catalog_grounded","public/data/roadmaps/qa_automation.json: title; description; learn; tree","Review visible role overview; learning sequence; prerequisites; and topical resources. Use one canonical page for related terms","not_measured","2026-10-03"
"react native developer roadmap","roadmap_react_native_developer","learning_path","https://skillbun.tech/roadmap/react_native_developer","P2","English","tech students and self-taught learners","candidate_catalog_grounded","public/data/roadmaps/react_native_developer.json: title; description; learn; tree","Review visible role overview; learning sequence; prerequisites; and topical resources. Use one canonical page for related terms","not_measured","2026-10-03"
"react native developer learning path","roadmap_react_native_developer","learning_path","https://skillbun.tech/roadmap/react_native_developer","P2","English","tech students and self-taught learners","candidate_catalog_grounded","public/data/roadmaps/react_native_developer.json: title; description; learn; tree","Review visible role overview; learning sequence; prerequisites; and topical resources. Use one canonical page for related terms","not_measured","2026-10-03"
"react native developer skills to learn","roadmap_react_native_developer","learning_path","https://skillbun.tech/roadmap/react_native_developer","P2","English","tech students and self-taught learners","candidate_catalog_grounded","public/data/roadmaps/react_native_developer.json: title; description; learn; tree","Review visible role overview; learning sequence; prerequisites; and topical resources. Use one canonical page for related terms","not_measured","2026-10-03"
"react native developer prerequisites","roadmap_react_native_developer","learning_path","https://skillbun.tech/roadmap/react_native_developer","P2","English","tech students and self-taught learners","candidate_catalog_grounded","public/data/roadmaps/react_native_developer.json: title; description; learn; tree","Review visible role overview; learning sequence; prerequisites; and topical resources. Use one canonical page for related terms","not_measured","2026-10-03"
"react native learning path","roadmap_react_native_developer","learning_path","https://skillbun.tech/roadmap/react_native_developer","P2","English","tech students and self-taught learners","candidate_catalog_grounded","public/data/roadmaps/react_native_developer.json: title; description; learn; tree","Review visible role overview; learning sequence; prerequisites; and topical resources. Use one canonical page for related terms","not_measured","2026-10-03"
"cross platform mobile react roadmap","roadmap_react_native_developer","learning_path","https://skillbun.tech/roadmap/react_native_developer","P2","English","tech students and self-taught learners","candidate_catalog_grounded","public/data/roadmaps/react_native_developer.json: title; description; learn; tree","Review visible role overview; learning sequence; prerequisites; and topical resources. Use one canonical page for related terms","not_measured","2026-10-03"
"recommendation systems engineer roadmap","roadmap_recommendation_systems_engineer","learning_path","https://skillbun.tech/roadmap/recommendation_systems_engineer","P2","English","tech students and self-taught learners","candidate_catalog_grounded","public/data/roadmaps/recommendation_systems_engineer.json: title; description; learn; tree","Review visible role overview; learning sequence; prerequisites; and topical resources. Use one canonical page for related terms","not_measured","2026-10-03"
"recommendation systems engineer learning path","roadmap_recommendation_systems_engineer","learning_path","https://skillbun.tech/roadmap/recommendation_systems_engineer","P2","English","tech students and self-taught learners","candidate_catalog_grounded","public/data/roadmaps/recommendation_systems_engineer.json: title; description; learn; tree","Review visible role overview; learning sequence; prerequisites; and topical resources. Use one canonical page for related terms","not_measured","2026-10-03"
"recommendation systems engineer skills to learn","roadmap_recommendation_systems_engineer","learning_path","https://skillbun.tech/roadmap/recommendation_systems_engineer","P2","English","tech students and self-taught learners","candidate_catalog_grounded","public/data/roadmaps/recommendation_systems_engineer.json: title; description; learn; tree","Review visible role overview; learning sequence; prerequisites; and topical resources. Use one canonical page for related terms","not_measured","2026-10-03"
"recommendation systems engineer prerequisites","roadmap_recommendation_systems_engineer","learning_path","https://skillbun.tech/roadmap/recommendation_systems_engineer","P2","English","tech students and self-taught learners","candidate_catalog_grounded","public/data/roadmaps/recommendation_systems_engineer.json: title; description; learn; tree","Review visible role overview; learning sequence; prerequisites; and topical resources. Use one canonical page for related terms","not_measured","2026-10-03"
"recommender systems learning path","roadmap_recommendation_systems_engineer","learning_path","https://skillbun.tech/roadmap/recommendation_systems_engineer","P2","English","tech students and self-taught learners","candidate_catalog_grounded","public/data/roadmaps/recommendation_systems_engineer.json: title; description; learn; tree","Review visible role overview; learning sequence; prerequisites; and topical resources. Use one canonical page for related terms","not_measured","2026-10-03"
"recommendation algorithms roadmap","roadmap_recommendation_systems_engineer","learning_path","https://skillbun.tech/roadmap/recommendation_systems_engineer","P2","English","tech students and self-taught learners","candidate_catalog_grounded","public/data/roadmaps/recommendation_systems_engineer.json: title; description; learn; tree","Review visible role overview; learning sequence; prerequisites; and topical resources. Use one canonical page for related terms","not_measured","2026-10-03"
"red team operator roadmap","roadmap_red_team_operator","learning_path","https://skillbun.tech/roadmap/red_team_operator","P2","English","tech students and self-taught learners","candidate_catalog_grounded","public/data/roadmaps/red_team_operator.json: title; description; learn; tree","Review visible role overview; learning sequence; prerequisites; and topical resources. Use one canonical page for related terms","not_measured","2026-10-03"
"red team operator learning path","roadmap_red_team_operator","learning_path","https://skillbun.tech/roadmap/red_team_operator","P2","English","tech students and self-taught learners","candidate_catalog_grounded","public/data/roadmaps/red_team_operator.json: title; description; learn; tree","Review visible role overview; learning sequence; prerequisites; and topical resources. Use one canonical page for related terms","not_measured","2026-10-03"
"red team operator skills to learn","roadmap_red_team_operator","learning_path","https://skillbun.tech/roadmap/red_team_operator","P2","English","tech students and self-taught learners","candidate_catalog_grounded","public/data/roadmaps/red_team_operator.json: title; description; learn; tree","Review visible role overview; learning sequence; prerequisites; and topical resources. Use one canonical page for related terms","not_measured","2026-10-03"
"red team operator prerequisites","roadmap_red_team_operator","learning_path","https://skillbun.tech/roadmap/red_team_operator","P2","English","tech students and self-taught learners","candidate_catalog_grounded","public/data/roadmaps/red_team_operator.json: title; description; learn; tree","Review visible role overview; learning sequence; prerequisites; and topical resources. Use one canonical page for related terms","not_measured","2026-10-03"
"red teaming learning path","roadmap_red_team_operator","learning_path","https://skillbun.tech/roadmap/red_team_operator","P2","English","tech students and self-taught learners","candidate_catalog_grounded","public/data/roadmaps/red_team_operator.json: title; description; learn; tree","Review visible role overview; learning sequence; prerequisites; and topical resources. Use one canonical page for related terms","not_measured","2026-10-03"
"adversary emulation skills roadmap","roadmap_red_team_operator","learning_path","https://skillbun.tech/roadmap/red_team_operator","P2","English","tech students and self-taught learners","candidate_catalog_grounded","public/data/roadmaps/red_team_operator.json: title; description; learn; tree","Review visible role overview; learning sequence; prerequisites; and topical resources. Use one canonical page for related terms","not_measured","2026-10-03"
"reinforcement learning roadmap","roadmap_reinforcement_learning_engineer","learning_path","https://skillbun.tech/roadmap/reinforcement_learning_engineer","P2","English","tech students and self-taught learners","candidate_catalog_grounded","public/data/roadmaps/reinforcement_learning_engineer.json: title; description; learn; tree","Review visible role overview; learning sequence; prerequisites; and topical resources. Use one canonical page for related terms","not_measured","2026-10-03"
"reinforcement learning engineer learning path","roadmap_reinforcement_learning_engineer","learning_path","https://skillbun.tech/roadmap/reinforcement_learning_engineer","P2","English","tech students and self-taught learners","candidate_catalog_grounded","public/data/roadmaps/reinforcement_learning_engineer.json: title; description; learn; tree","Review visible role overview; learning sequence; prerequisites; and topical resources. Use one canonical page for related terms","not_measured","2026-10-03"
"reinforcement learning engineer skills to learn","roadmap_reinforcement_learning_engineer","learning_path","https://skillbun.tech/roadmap/reinforcement_learning_engineer","P2","English","tech students and self-taught learners","candidate_catalog_grounded","public/data/roadmaps/reinforcement_learning_engineer.json: title; description; learn; tree","Review visible role overview; learning sequence; prerequisites; and topical resources. Use one canonical page for related terms","not_measured","2026-10-03"
"reinforcement learning engineer prerequisites","roadmap_reinforcement_learning_engineer","learning_path","https://skillbun.tech/roadmap/reinforcement_learning_engineer","P2","English","tech students and self-taught learners","candidate_catalog_grounded","public/data/roadmaps/reinforcement_learning_engineer.json: title; description; learn; tree","Review visible role overview; learning sequence; prerequisites; and topical resources. Use one canonical page for related terms","not_measured","2026-10-03"
"reinforcement learning engineer skills","roadmap_reinforcement_learning_engineer","learning_path","https://skillbun.tech/roadmap/reinforcement_learning_engineer","P2","English","tech students and self-taught learners","candidate_catalog_grounded","public/data/roadmaps/reinforcement_learning_engineer.json: title; description; learn; tree","Review visible role overview; learning sequence; prerequisites; and topical resources. Use one canonical page for related terms","not_measured","2026-10-03"
"reinforcement learning study path","roadmap_reinforcement_learning_engineer","learning_path","https://skillbun.tech/roadmap/reinforcement_learning_engineer","P2","English","tech students and self-taught learners","candidate_catalog_grounded","public/data/roadmaps/reinforcement_learning_engineer.json: title; description; learn; tree","Review visible role overview; learning sequence; prerequisites; and topical resources. Use one canonical page for related terms","not_measured","2026-10-03"
"release engineer roadmap","roadmap_release_engineer","learning_path","https://skillbun.tech/roadmap/release_engineer","P2","English","tech students and self-taught learners","candidate_catalog_grounded","public/data/roadmaps/release_engineer.json: title; description; learn; tree","Review visible role overview; learning sequence; prerequisites; and topical resources. Use one canonical page for related terms","not_measured","2026-10-03"
"release engineer learning path","roadmap_release_engineer","learning_path","https://skillbun.tech/roadmap/release_engineer","P2","English","tech students and self-taught learners","candidate_catalog_grounded","public/data/roadmaps/release_engineer.json: title; description; learn; tree","Review visible role overview; learning sequence; prerequisites; and topical resources. Use one canonical page for related terms","not_measured","2026-10-03"
"release engineer skills to learn","roadmap_release_engineer","learning_path","https://skillbun.tech/roadmap/release_engineer","P2","English","tech students and self-taught learners","candidate_catalog_grounded","public/data/roadmaps/release_engineer.json: title; description; learn; tree","Review visible role overview; learning sequence; prerequisites; and topical resources. Use one canonical page for related terms","not_measured","2026-10-03"
"release engineer prerequisites","roadmap_release_engineer","learning_path","https://skillbun.tech/roadmap/release_engineer","P2","English","tech students and self-taught learners","candidate_catalog_grounded","public/data/roadmaps/release_engineer.json: title; description; learn; tree","Review visible role overview; learning sequence; prerequisites; and topical resources. Use one canonical page for related terms","not_measured","2026-10-03"
"release engineering learning path","roadmap_release_engineer","learning_path","https://skillbun.tech/roadmap/release_engineer","P2","English","tech students and self-taught learners","candidate_catalog_grounded","public/data/roadmaps/release_engineer.json: title; description; learn; tree","Review visible role overview; learning sequence; prerequisites; and topical resources. Use one canonical page for related terms","not_measured","2026-10-03"
"software release automation skills","roadmap_release_engineer","learning_path","https://skillbun.tech/roadmap/release_engineer","P2","English","tech students and self-taught learners","candidate_catalog_grounded","public/data/roadmaps/release_engineer.json: title; description; learn; tree","Review visible role overview; learning sequence; prerequisites; and topical resources. Use one canonical page for related terms","not_measured","2026-10-03"
"robotics engineer roadmap","roadmap_robotics_engineer","learning_path","https://skillbun.tech/roadmap/robotics_engineer","P2","English","tech students and self-taught learners","candidate_catalog_grounded","public/data/roadmaps/robotics_engineer.json: title; description; learn; tree","Review visible role overview; learning sequence; prerequisites; and topical resources. Use one canonical page for related terms","not_measured","2026-10-03"
"robotics engineer learning path","roadmap_robotics_engineer","learning_path","https://skillbun.tech/roadmap/robotics_engineer","P2","English","tech students and self-taught learners","candidate_catalog_grounded","public/data/roadmaps/robotics_engineer.json: title; description; learn; tree","Review visible role overview; learning sequence; prerequisites; and topical resources. Use one canonical page for related terms","not_measured","2026-10-03"
"robotics engineer skills to learn","roadmap_robotics_engineer","learning_path","https://skillbun.tech/roadmap/robotics_engineer","P2","English","tech students and self-taught learners","candidate_catalog_grounded","public/data/roadmaps/robotics_engineer.json: title; description; learn; tree","Review visible role overview; learning sequence; prerequisites; and topical resources. Use one canonical page for related terms","not_measured","2026-10-03"
"robotics engineer prerequisites","roadmap_robotics_engineer","learning_path","https://skillbun.tech/roadmap/robotics_engineer","P2","English","tech students and self-taught learners","candidate_catalog_grounded","public/data/roadmaps/robotics_engineer.json: title; description; learn; tree","Review visible role overview; learning sequence; prerequisites; and topical resources. Use one canonical page for related terms","not_measured","2026-10-03"
"robotics learning path","roadmap_robotics_engineer","learning_path","https://skillbun.tech/roadmap/robotics_engineer","P2","English","tech students and self-taught learners","candidate_catalog_grounded","public/data/roadmaps/robotics_engineer.json: title; description; learn; tree","Review visible role overview; learning sequence; prerequisites; and topical resources. Use one canonical page for related terms","not_measured","2026-10-03"
"robotics software engineering skills","roadmap_robotics_engineer","learning_path","https://skillbun.tech/roadmap/robotics_engineer","P2","English","tech students and self-taught learners","candidate_catalog_grounded","public/data/roadmaps/robotics_engineer.json: title; description; learn; tree","Review visible role overview; learning sequence; prerequisites; and topical resources. Use one canonical page for related terms","not_measured","2026-10-03"
"rpa developer roadmap","roadmap_rpa_developer","learning_path","https://skillbun.tech/roadmap/rpa_developer","P2","English","tech students and self-taught learners","candidate_catalog_grounded","public/data/roadmaps/rpa_developer.json: title; description; learn; tree","Review visible role overview; learning sequence; prerequisites; and topical resources. Use one canonical page for related terms","not_measured","2026-10-03"
"rpa developer learning path","roadmap_rpa_developer","learning_path","https://skillbun.tech/roadmap/rpa_developer","P2","English","tech students and self-taught learners","candidate_catalog_grounded","public/data/roadmaps/rpa_developer.json: title; description; learn; tree","Review visible role overview; learning sequence; prerequisites; and topical resources. Use one canonical page for related terms","not_measured","2026-10-03"
"rpa developer skills to learn","roadmap_rpa_developer","learning_path","https://skillbun.tech/roadmap/rpa_developer","P2","English","tech students and self-taught learners","candidate_catalog_grounded","public/data/roadmaps/rpa_developer.json: title; description; learn; tree","Review visible role overview; learning sequence; prerequisites; and topical resources. Use one canonical page for related terms","not_measured","2026-10-03"
"rpa developer prerequisites","roadmap_rpa_developer","learning_path","https://skillbun.tech/roadmap/rpa_developer","P2","English","tech students and self-taught learners","candidate_catalog_grounded","public/data/roadmaps/rpa_developer.json: title; description; learn; tree","Review visible role overview; learning sequence; prerequisites; and topical resources. Use one canonical page for related terms","not_measured","2026-10-03"
"robotic process automation learning path","roadmap_rpa_developer","learning_path","https://skillbun.tech/roadmap/rpa_developer","P2","English","tech students and self-taught learners","candidate_catalog_grounded","public/data/roadmaps/rpa_developer.json: title; description; learn; tree","Review visible role overview; learning sequence; prerequisites; and topical resources. Use one canonical page for related terms","not_measured","2026-10-03"
"rpa development skills","roadmap_rpa_developer","learning_path","https://skillbun.tech/roadmap/rpa_developer","P2","English","tech students and self-taught learners","candidate_catalog_grounded","public/data/roadmaps/rpa_developer.json: title; description; learn; tree","Review visible role overview; learning sequence; prerequisites; and topical resources. Use one canonical page for related terms","not_measured","2026-10-03"
"ruby on rails developer roadmap","roadmap_ruby_on_rails_developer","learning_path","https://skillbun.tech/roadmap/ruby_on_rails_developer","P2","English","tech students and self-taught learners","candidate_catalog_grounded","public/data/roadmaps/ruby_on_rails_developer.json: title; description; learn; tree","Review visible role overview; learning sequence; prerequisites; and topical resources. Use one canonical page for related terms","not_measured","2026-10-03"
"ruby on rails developer learning path","roadmap_ruby_on_rails_developer","learning_path","https://skillbun.tech/roadmap/ruby_on_rails_developer","P2","English","tech students and self-taught learners","candidate_catalog_grounded","public/data/roadmaps/ruby_on_rails_developer.json: title; description; learn; tree","Review visible role overview; learning sequence; prerequisites; and topical resources. Use one canonical page for related terms","not_measured","2026-10-03"
"ruby on rails developer skills to learn","roadmap_ruby_on_rails_developer","learning_path","https://skillbun.tech/roadmap/ruby_on_rails_developer","P2","English","tech students and self-taught learners","candidate_catalog_grounded","public/data/roadmaps/ruby_on_rails_developer.json: title; description; learn; tree","Review visible role overview; learning sequence; prerequisites; and topical resources. Use one canonical page for related terms","not_measured","2026-10-03"
"ruby on rails developer prerequisites","roadmap_ruby_on_rails_developer","learning_path","https://skillbun.tech/roadmap/ruby_on_rails_developer","P2","English","tech students and self-taught learners","candidate_catalog_grounded","public/data/roadmaps/ruby_on_rails_developer.json: title; description; learn; tree","Review visible role overview; learning sequence; prerequisites; and topical resources. Use one canonical page for related terms","not_measured","2026-10-03"
"rails learning path","roadmap_ruby_on_rails_developer","learning_path","https://skillbun.tech/roadmap/ruby_on_rails_developer","P2","English","tech students and self-taught learners","candidate_catalog_grounded","public/data/roadmaps/ruby_on_rails_developer.json: title; description; learn; tree","Review visible role overview; learning sequence; prerequisites; and topical resources. Use one canonical page for related terms","not_measured","2026-10-03"
"ruby web development roadmap","roadmap_ruby_on_rails_developer","learning_path","https://skillbun.tech/roadmap/ruby_on_rails_developer","P2","English","tech students and self-taught learners","candidate_catalog_grounded","public/data/roadmaps/ruby_on_rails_developer.json: title; description; learn; tree","Review visible role overview; learning sequence; prerequisites; and topical resources. Use one canonical page for related terms","not_measured","2026-10-03"
"rust developer roadmap","roadmap_rust_developer","learning_path","https://skillbun.tech/roadmap/rust_developer","P2","English","tech students and self-taught learners","candidate_catalog_grounded","public/data/roadmaps/rust_developer.json: title; description; learn; tree","Review visible role overview; learning sequence; prerequisites; and topical resources. Use one canonical page for related terms","not_measured","2026-10-03"
"rust developer learning path","roadmap_rust_developer","learning_path","https://skillbun.tech/roadmap/rust_developer","P2","English","tech students and self-taught learners","candidate_catalog_grounded","public/data/roadmaps/rust_developer.json: title; description; learn; tree","Review visible role overview; learning sequence; prerequisites; and topical resources. Use one canonical page for related terms","not_measured","2026-10-03"
"rust developer skills to learn","roadmap_rust_developer","learning_path","https://skillbun.tech/roadmap/rust_developer","P2","English","tech students and self-taught learners","candidate_catalog_grounded","public/data/roadmaps/rust_developer.json: title; description; learn; tree","Review visible role overview; learning sequence; prerequisites; and topical resources. Use one canonical page for related terms","not_measured","2026-10-03"
"rust developer prerequisites","roadmap_rust_developer","learning_path","https://skillbun.tech/roadmap/rust_developer","P2","English","tech students and self-taught learners","candidate_catalog_grounded","public/data/roadmaps/rust_developer.json: title; description; learn; tree","Review visible role overview; learning sequence; prerequisites; and topical resources. Use one canonical page for related terms","not_measured","2026-10-03"
"rust programming learning path","roadmap_rust_developer","learning_path","https://skillbun.tech/roadmap/rust_developer","P2","English","tech students and self-taught learners","candidate_catalog_grounded","public/data/roadmaps/rust_developer.json: title; description; learn; tree","Review visible role overview; learning sequence; prerequisites; and topical resources. Use one canonical page for related terms","not_measured","2026-10-03"
"rust systems programming roadmap","roadmap_rust_developer","learning_path","https://skillbun.tech/roadmap/rust_developer","P2","English","tech students and self-taught learners","candidate_catalog_grounded","public/data/roadmaps/rust_developer.json: title; description; learn; tree","Review visible role overview; learning sequence; prerequisites; and topical resources. Use one canonical page for related terms","not_measured","2026-10-03"
"salesforce developer roadmap","roadmap_salesforce_developer","learning_path","https://skillbun.tech/roadmap/salesforce_developer","P2","English","tech students and self-taught learners","candidate_catalog_grounded","public/data/roadmaps/salesforce_developer.json: title; description; learn; tree","Review visible role overview; learning sequence; prerequisites; and topical resources. Use one canonical page for related terms","not_measured","2026-10-03"
"salesforce developer learning path","roadmap_salesforce_developer","learning_path","https://skillbun.tech/roadmap/salesforce_developer","P2","English","tech students and self-taught learners","candidate_catalog_grounded","public/data/roadmaps/salesforce_developer.json: title; description; learn; tree","Review visible role overview; learning sequence; prerequisites; and topical resources. Use one canonical page for related terms","not_measured","2026-10-03"
"salesforce developer skills to learn","roadmap_salesforce_developer","learning_path","https://skillbun.tech/roadmap/salesforce_developer","P2","English","tech students and self-taught learners","candidate_catalog_grounded","public/data/roadmaps/salesforce_developer.json: title; description; learn; tree","Review visible role overview; learning sequence; prerequisites; and topical resources. Use one canonical page for related terms","not_measured","2026-10-03"
"salesforce developer prerequisites","roadmap_salesforce_developer","learning_path","https://skillbun.tech/roadmap/salesforce_developer","P2","English","tech students and self-taught learners","candidate_catalog_grounded","public/data/roadmaps/salesforce_developer.json: title; description; learn; tree","Review visible role overview; learning sequence; prerequisites; and topical resources. Use one canonical page for related terms","not_measured","2026-10-03"
"apex developer learning path","roadmap_salesforce_developer","learning_path","https://skillbun.tech/roadmap/salesforce_developer","P2","English","tech students and self-taught learners","candidate_catalog_grounded","public/data/roadmaps/salesforce_developer.json: title; description; learn; tree","Review visible role overview; learning sequence; prerequisites; and topical resources. Use one canonical page for related terms","not_measured","2026-10-03"
"salesforce lightning development roadmap","roadmap_salesforce_developer","learning_path","https://skillbun.tech/roadmap/salesforce_developer","P2","English","tech students and self-taught learners","candidate_catalog_grounded","public/data/roadmaps/salesforce_developer.json: title; description; learn; tree","Review visible role overview; learning sequence; prerequisites; and topical resources. Use one canonical page for related terms","not_measured","2026-10-03"
"scala developer roadmap","roadmap_scala_developer","learning_path","https://skillbun.tech/roadmap/scala_developer","P2","English","tech students and self-taught learners","candidate_catalog_grounded","public/data/roadmaps/scala_developer.json: title; description; learn; tree","Review visible role overview; learning sequence; prerequisites; and topical resources. Use one canonical page for related terms","not_measured","2026-10-03"
"scala developer learning path","roadmap_scala_developer","learning_path","https://skillbun.tech/roadmap/scala_developer","P2","English","tech students and self-taught learners","candidate_catalog_grounded","public/data/roadmaps/scala_developer.json: title; description; learn; tree","Review visible role overview; learning sequence; prerequisites; and topical resources. Use one canonical page for related terms","not_measured","2026-10-03"
"scala developer skills to learn","roadmap_scala_developer","learning_path","https://skillbun.tech/roadmap/scala_developer","P2","English","tech students and self-taught learners","candidate_catalog_grounded","public/data/roadmaps/scala_developer.json: title; description; learn; tree","Review visible role overview; learning sequence; prerequisites; and topical resources. Use one canonical page for related terms","not_measured","2026-10-03"
"scala developer prerequisites","roadmap_scala_developer","learning_path","https://skillbun.tech/roadmap/scala_developer","P2","English","tech students and self-taught learners","candidate_catalog_grounded","public/data/roadmaps/scala_developer.json: title; description; learn; tree","Review visible role overview; learning sequence; prerequisites; and topical resources. Use one canonical page for related terms","not_measured","2026-10-03"
"scala learning path","roadmap_scala_developer","learning_path","https://skillbun.tech/roadmap/scala_developer","P2","English","tech students and self-taught learners","candidate_catalog_grounded","public/data/roadmaps/scala_developer.json: title; description; learn; tree","Review visible role overview; learning sequence; prerequisites; and topical resources. Use one canonical page for related terms","not_measured","2026-10-03"
"scala functional programming roadmap","roadmap_scala_developer","learning_path","https://skillbun.tech/roadmap/scala_developer","P2","English","tech students and self-taught learners","candidate_catalog_grounded","public/data/roadmaps/scala_developer.json: title; description; learn; tree","Review visible role overview; learning sequence; prerequisites; and topical resources. Use one canonical page for related terms","not_measured","2026-10-03"
"scrum master roadmap","roadmap_scrum_master_agile_coach","learning_path","https://skillbun.tech/roadmap/scrum_master_agile_coach","P2","English","tech students and self-taught learners","candidate_catalog_grounded","public/data/roadmaps/scrum_master_agile_coach.json: title; description; learn; tree","Review visible role overview; learning sequence; prerequisites; and topical resources. Use one canonical page for related terms","not_measured","2026-10-03"
"scrum master agile coach learning path","roadmap_scrum_master_agile_coach","learning_path","https://skillbun.tech/roadmap/scrum_master_agile_coach","P2","English","tech students and self-taught learners","candidate_catalog_grounded","public/data/roadmaps/scrum_master_agile_coach.json: title; description; learn; tree","Review visible role overview; learning sequence; prerequisites; and topical resources. Use one canonical page for related terms","not_measured","2026-10-03"
"scrum master agile coach skills to learn","roadmap_scrum_master_agile_coach","learning_path","https://skillbun.tech/roadmap/scrum_master_agile_coach","P2","English","tech students and self-taught learners","candidate_catalog_grounded","public/data/roadmaps/scrum_master_agile_coach.json: title; description; learn; tree","Review visible role overview; learning sequence; prerequisites; and topical resources. Use one canonical page for related terms","not_measured","2026-10-03"
"scrum master agile coach prerequisites","roadmap_scrum_master_agile_coach","learning_path","https://skillbun.tech/roadmap/scrum_master_agile_coach","P2","English","tech students and self-taught learners","candidate_catalog_grounded","public/data/roadmaps/scrum_master_agile_coach.json: title; description; learn; tree","Review visible role overview; learning sequence; prerequisites; and topical resources. Use one canonical page for related terms","not_measured","2026-10-03"
"agile coach learning path","roadmap_scrum_master_agile_coach","learning_path","https://skillbun.tech/roadmap/scrum_master_agile_coach","P2","English","tech students and self-taught learners","candidate_catalog_grounded","public/data/roadmaps/scrum_master_agile_coach.json: title; description; learn; tree","Review visible role overview; learning sequence; prerequisites; and topical resources. Use one canonical page for related terms","not_measured","2026-10-03"
"scrum master skills roadmap","roadmap_scrum_master_agile_coach","learning_path","https://skillbun.tech/roadmap/scrum_master_agile_coach","P2","English","tech students and self-taught learners","candidate_catalog_grounded","public/data/roadmaps/scrum_master_agile_coach.json: title; description; learn; tree","Review visible role overview; learning sequence; prerequisites; and topical resources. Use one canonical page for related terms","not_measured","2026-10-03"
"seo specialist roadmap","roadmap_seo_specialist","learning_path","https://skillbun.tech/roadmap/seo_specialist","P2","English","tech students and self-taught learners","candidate_catalog_grounded","public/data/roadmaps/seo_specialist.json: title; description; learn; tree","Review visible role overview; learning sequence; prerequisites; and topical resources. Use one canonical page for related terms","not_measured","2026-10-03"
"seo specialist learning path","roadmap_seo_specialist","learning_path","https://skillbun.tech/roadmap/seo_specialist","P2","English","tech students and self-taught learners","candidate_catalog_grounded","public/data/roadmaps/seo_specialist.json: title; description; learn; tree","Review visible role overview; learning sequence; prerequisites; and topical resources. Use one canonical page for related terms","not_measured","2026-10-03"
"seo specialist skills to learn","roadmap_seo_specialist","learning_path","https://skillbun.tech/roadmap/seo_specialist","P2","English","tech students and self-taught learners","candidate_catalog_grounded","public/data/roadmaps/seo_specialist.json: title; description; learn; tree","Review visible role overview; learning sequence; prerequisites; and topical resources. Use one canonical page for related terms","not_measured","2026-10-03"
"seo specialist prerequisites","roadmap_seo_specialist","learning_path","https://skillbun.tech/roadmap/seo_specialist","P2","English","tech students and self-taught learners","candidate_catalog_grounded","public/data/roadmaps/seo_specialist.json: title; description; learn; tree","Review visible role overview; learning sequence; prerequisites; and topical resources. Use one canonical page for related terms","not_measured","2026-10-03"
"technical seo learning path","roadmap_seo_specialist","learning_path","https://skillbun.tech/roadmap/seo_specialist","P2","English","tech students and self-taught learners","candidate_catalog_grounded","public/data/roadmaps/seo_specialist.json: title; description; learn; tree","Review visible role overview; learning sequence; prerequisites; and topical resources. Use one canonical page for related terms","not_measured","2026-10-03"
"seo skills to learn","roadmap_seo_specialist","learning_path","https://skillbun.tech/roadmap/seo_specialist","P2","English","tech students and self-taught learners","candidate_catalog_grounded","public/data/roadmaps/seo_specialist.json: title; description; learn; tree","Review visible role overview; learning sequence; prerequisites; and topical resources. Use one canonical page for related terms","not_measured","2026-10-03"
"serverless developer roadmap","roadmap_serverless_developer","learning_path","https://skillbun.tech/roadmap/serverless_developer","P2","English","tech students and self-taught learners","candidate_catalog_grounded","public/data/roadmaps/serverless_developer.json: title; description; learn; tree","Review visible role overview; learning sequence; prerequisites; and topical resources. Use one canonical page for related terms","not_measured","2026-10-03"
"serverless developer learning path","roadmap_serverless_developer","learning_path","https://skillbun.tech/roadmap/serverless_developer","P2","English","tech students and self-taught learners","candidate_catalog_grounded","public/data/roadmaps/serverless_developer.json: title; description; learn; tree","Review visible role overview; learning sequence; prerequisites; and topical resources. Use one canonical page for related terms","not_measured","2026-10-03"
"serverless developer skills to learn","roadmap_serverless_developer","learning_path","https://skillbun.tech/roadmap/serverless_developer","P2","English","tech students and self-taught learners","candidate_catalog_grounded","public/data/roadmaps/serverless_developer.json: title; description; learn; tree","Review visible role overview; learning sequence; prerequisites; and topical resources. Use one canonical page for related terms","not_measured","2026-10-03"
"serverless developer prerequisites","roadmap_serverless_developer","learning_path","https://skillbun.tech/roadmap/serverless_developer","P2","English","tech students and self-taught learners","candidate_catalog_grounded","public/data/roadmaps/serverless_developer.json: title; description; learn; tree","Review visible role overview; learning sequence; prerequisites; and topical resources. Use one canonical page for related terms","not_measured","2026-10-03"
"aws lambda learning path","roadmap_serverless_developer","learning_path","https://skillbun.tech/roadmap/serverless_developer","P2","English","tech students and self-taught learners","candidate_catalog_grounded","public/data/roadmaps/serverless_developer.json: title; description; learn; tree","Review visible role overview; learning sequence; prerequisites; and topical resources. Use one canonical page for related terms","not_measured","2026-10-03"
"serverless architecture roadmap","roadmap_serverless_developer","learning_path","https://skillbun.tech/roadmap/serverless_developer","P2","English","tech students and self-taught learners","candidate_catalog_grounded","public/data/roadmaps/serverless_developer.json: title; description; learn; tree","Review visible role overview; learning sequence; prerequisites; and topical resources. Use one canonical page for related terms","not_measured","2026-10-03"
"service designer roadmap","roadmap_service_designer","learning_path","https://skillbun.tech/roadmap/service_designer","P2","English","tech students and self-taught learners","candidate_catalog_grounded","public/data/roadmaps/service_designer.json: title; description; learn; tree","Review visible role overview; learning sequence; prerequisites; and topical resources. Use one canonical page for related terms","not_measured","2026-10-03"
"service designer learning path","roadmap_service_designer","learning_path","https://skillbun.tech/roadmap/service_designer","P2","English","tech students and self-taught learners","candidate_catalog_grounded","public/data/roadmaps/service_designer.json: title; description; learn; tree","Review visible role overview; learning sequence; prerequisites; and topical resources. Use one canonical page for related terms","not_measured","2026-10-03"
"service designer skills to learn","roadmap_service_designer","learning_path","https://skillbun.tech/roadmap/service_designer","P2","English","tech students and self-taught learners","candidate_catalog_grounded","public/data/roadmaps/service_designer.json: title; description; learn; tree","Review visible role overview; learning sequence; prerequisites; and topical resources. Use one canonical page for related terms","not_measured","2026-10-03"
"service designer prerequisites","roadmap_service_designer","learning_path","https://skillbun.tech/roadmap/service_designer","P2","English","tech students and self-taught learners","candidate_catalog_grounded","public/data/roadmaps/service_designer.json: title; description; learn; tree","Review visible role overview; learning sequence; prerequisites; and topical resources. Use one canonical page for related terms","not_measured","2026-10-03"
"service design learning path","roadmap_service_designer","learning_path","https://skillbun.tech/roadmap/service_designer","P2","English","tech students and self-taught learners","candidate_catalog_grounded","public/data/roadmaps/service_designer.json: title; description; learn; tree","Review visible role overview; learning sequence; prerequisites; and topical resources. Use one canonical page for related terms","not_measured","2026-10-03"
"service blueprint design skills","roadmap_service_designer","learning_path","https://skillbun.tech/roadmap/service_designer","P2","English","tech students and self-taught learners","candidate_catalog_grounded","public/data/roadmaps/service_designer.json: title; description; learn; tree","Review visible role overview; learning sequence; prerequisites; and topical resources. Use one canonical page for related terms","not_measured","2026-10-03"
"shopify developer roadmap","roadmap_shopify_developer","learning_path","https://skillbun.tech/roadmap/shopify_developer","P2","English","tech students and self-taught learners","candidate_catalog_grounded","public/data/roadmaps/shopify_developer.json: title; description; learn; tree","Review visible role overview; learning sequence; prerequisites; and topical resources. Use one canonical page for related terms","not_measured","2026-10-03"
"shopify developer learning path","roadmap_shopify_developer","learning_path","https://skillbun.tech/roadmap/shopify_developer","P2","English","tech students and self-taught learners","candidate_catalog_grounded","public/data/roadmaps/shopify_developer.json: title; description; learn; tree","Review visible role overview; learning sequence; prerequisites; and topical resources. Use one canonical page for related terms","not_measured","2026-10-03"
"shopify developer skills to learn","roadmap_shopify_developer","learning_path","https://skillbun.tech/roadmap/shopify_developer","P2","English","tech students and self-taught learners","candidate_catalog_grounded","public/data/roadmaps/shopify_developer.json: title; description; learn; tree","Review visible role overview; learning sequence; prerequisites; and topical resources. Use one canonical page for related terms","not_measured","2026-10-03"
"shopify developer prerequisites","roadmap_shopify_developer","learning_path","https://skillbun.tech/roadmap/shopify_developer","P2","English","tech students and self-taught learners","candidate_catalog_grounded","public/data/roadmaps/shopify_developer.json: title; description; learn; tree","Review visible role overview; learning sequence; prerequisites; and topical resources. Use one canonical page for related terms","not_measured","2026-10-03"
"shopify liquid learning path","roadmap_shopify_developer","learning_path","https://skillbun.tech/roadmap/shopify_developer","P2","English","tech students and self-taught learners","candidate_catalog_grounded","public/data/roadmaps/shopify_developer.json: title; description; learn; tree","Review visible role overview; learning sequence; prerequisites; and topical resources. Use one canonical page for related terms","not_measured","2026-10-03"
"shopify app development roadmap","roadmap_shopify_developer","learning_path","https://skillbun.tech/roadmap/shopify_developer","P2","English","tech students and self-taught learners","candidate_catalog_grounded","public/data/roadmaps/shopify_developer.json: title; description; learn; tree","Review visible role overview; learning sequence; prerequisites; and topical resources. Use one canonical page for related terms","not_measured","2026-10-03"
"site reliability engineer roadmap","roadmap_site_reliability_engineer","learning_path","https://skillbun.tech/roadmap/site_reliability_engineer","P2","English","tech students and self-taught learners","candidate_catalog_grounded","public/data/roadmaps/site_reliability_engineer.json: title; description; learn; tree","Review visible role overview; learning sequence; prerequisites; and topical resources. Use one canonical page for related terms","not_measured","2026-10-03"
"site reliability engineer learning path","roadmap_site_reliability_engineer","learning_path","https://skillbun.tech/roadmap/site_reliability_engineer","P2","English","tech students and self-taught learners","candidate_catalog_grounded","public/data/roadmaps/site_reliability_engineer.json: title; description; learn; tree","Review visible role overview; learning sequence; prerequisites; and topical resources. Use one canonical page for related terms","not_measured","2026-10-03"
"site reliability engineer skills to learn","roadmap_site_reliability_engineer","learning_path","https://skillbun.tech/roadmap/site_reliability_engineer","P2","English","tech students and self-taught learners","candidate_catalog_grounded","public/data/roadmaps/site_reliability_engineer.json: title; description; learn; tree","Review visible role overview; learning sequence; prerequisites; and topical resources. Use one canonical page for related terms","not_measured","2026-10-03"
"site reliability engineer prerequisites","roadmap_site_reliability_engineer","learning_path","https://skillbun.tech/roadmap/site_reliability_engineer","P2","English","tech students and self-taught learners","candidate_catalog_grounded","public/data/roadmaps/site_reliability_engineer.json: title; description; learn; tree","Review visible role overview; learning sequence; prerequisites; and topical resources. Use one canonical page for related terms","not_measured","2026-10-03"
"sre learning path","roadmap_site_reliability_engineer","learning_path","https://skillbun.tech/roadmap/site_reliability_engineer","P2","English","tech students and self-taught learners","candidate_catalog_grounded","public/data/roadmaps/site_reliability_engineer.json: title; description; learn; tree","Review visible role overview; learning sequence; prerequisites; and topical resources. Use one canonical page for related terms","not_measured","2026-10-03"
"site reliability engineering skills","roadmap_site_reliability_engineer","learning_path","https://skillbun.tech/roadmap/site_reliability_engineer","P2","English","tech students and self-taught learners","candidate_catalog_grounded","public/data/roadmaps/site_reliability_engineer.json: title; description; learn; tree","Review visible role overview; learning sequence; prerequisites; and topical resources. Use one canonical page for related terms","not_measured","2026-10-03"
"soc analyst roadmap","roadmap_soc_analyst","learning_path","https://skillbun.tech/roadmap/soc_analyst","P2","English","tech students and self-taught learners","candidate_catalog_grounded","public/data/roadmaps/soc_analyst.json: title; description; learn; tree","Review visible role overview; learning sequence; prerequisites; and topical resources. Use one canonical page for related terms","not_measured","2026-10-03"
"soc analyst learning path","roadmap_soc_analyst","learning_path","https://skillbun.tech/roadmap/soc_analyst","P2","English","tech students and self-taught learners","candidate_catalog_grounded","public/data/roadmaps/soc_analyst.json: title; description; learn; tree","Review visible role overview; learning sequence; prerequisites; and topical resources. Use one canonical page for related terms","not_measured","2026-10-03"
"soc analyst skills to learn","roadmap_soc_analyst","learning_path","https://skillbun.tech/roadmap/soc_analyst","P2","English","tech students and self-taught learners","candidate_catalog_grounded","public/data/roadmaps/soc_analyst.json: title; description; learn; tree","Review visible role overview; learning sequence; prerequisites; and topical resources. Use one canonical page for related terms","not_measured","2026-10-03"
"soc analyst prerequisites","roadmap_soc_analyst","learning_path","https://skillbun.tech/roadmap/soc_analyst","P2","English","tech students and self-taught learners","candidate_catalog_grounded","public/data/roadmaps/soc_analyst.json: title; description; learn; tree","Review visible role overview; learning sequence; prerequisites; and topical resources. Use one canonical page for related terms","not_measured","2026-10-03"
"security operations analyst learning path","roadmap_soc_analyst","learning_path","https://skillbun.tech/roadmap/soc_analyst","P2","English","tech students and self-taught learners","candidate_catalog_grounded","public/data/roadmaps/soc_analyst.json: title; description; learn; tree","Review visible role overview; learning sequence; prerequisites; and topical resources. Use one canonical page for related terms","not_measured","2026-10-03"
"siem analyst skills","roadmap_soc_analyst","learning_path","https://skillbun.tech/roadmap/soc_analyst","P2","English","tech students and self-taught learners","candidate_catalog_grounded","public/data/roadmaps/soc_analyst.json: title; description; learn; tree","Review visible role overview; learning sequence; prerequisites; and topical resources. Use one canonical page for related terms","not_measured","2026-10-03"
"speech ai engineer roadmap","roadmap_speech_ai_engineer","learning_path","https://skillbun.tech/roadmap/speech_ai_engineer","P2","English","tech students and self-taught learners","candidate_catalog_grounded","public/data/roadmaps/speech_ai_engineer.json: title; description; learn; tree","Review visible role overview; learning sequence; prerequisites; and topical resources. Use one canonical page for related terms","not_measured","2026-10-03"
"speech ai engineer learning path","roadmap_speech_ai_engineer","learning_path","https://skillbun.tech/roadmap/speech_ai_engineer","P2","English","tech students and self-taught learners","candidate_catalog_grounded","public/data/roadmaps/speech_ai_engineer.json: title; description; learn; tree","Review visible role overview; learning sequence; prerequisites; and topical resources. Use one canonical page for related terms","not_measured","2026-10-03"
"speech ai engineer skills to learn","roadmap_speech_ai_engineer","learning_path","https://skillbun.tech/roadmap/speech_ai_engineer","P2","English","tech students and self-taught learners","candidate_catalog_grounded","public/data/roadmaps/speech_ai_engineer.json: title; description; learn; tree","Review visible role overview; learning sequence; prerequisites; and topical resources. Use one canonical page for related terms","not_measured","2026-10-03"
"speech ai engineer prerequisites","roadmap_speech_ai_engineer","learning_path","https://skillbun.tech/roadmap/speech_ai_engineer","P2","English","tech students and self-taught learners","candidate_catalog_grounded","public/data/roadmaps/speech_ai_engineer.json: title; description; learn; tree","Review visible role overview; learning sequence; prerequisites; and topical resources. Use one canonical page for related terms","not_measured","2026-10-03"
"speech recognition learning path","roadmap_speech_ai_engineer","learning_path","https://skillbun.tech/roadmap/speech_ai_engineer","P2","English","tech students and self-taught learners","candidate_catalog_grounded","public/data/roadmaps/speech_ai_engineer.json: title; description; learn; tree","Review visible role overview; learning sequence; prerequisites; and topical resources. Use one canonical page for related terms","not_measured","2026-10-03"
"text to speech ai development roadmap","roadmap_speech_ai_engineer","learning_path","https://skillbun.tech/roadmap/speech_ai_engineer","P2","English","tech students and self-taught learners","candidate_catalog_grounded","public/data/roadmaps/speech_ai_engineer.json: title; description; learn; tree","Review visible role overview; learning sequence; prerequisites; and topical resources. Use one canonical page for related terms","not_measured","2026-10-03"
"svelte developer roadmap","roadmap_svelte_developer","learning_path","https://skillbun.tech/roadmap/svelte_developer","P2","English","tech students and self-taught learners","candidate_catalog_grounded","public/data/roadmaps/svelte_developer.json: title; description; learn; tree","Review visible role overview; learning sequence; prerequisites; and topical resources. Use one canonical page for related terms","not_measured","2026-10-03"
"svelte developer learning path","roadmap_svelte_developer","learning_path","https://skillbun.tech/roadmap/svelte_developer","P2","English","tech students and self-taught learners","candidate_catalog_grounded","public/data/roadmaps/svelte_developer.json: title; description; learn; tree","Review visible role overview; learning sequence; prerequisites; and topical resources. Use one canonical page for related terms","not_measured","2026-10-03"
"svelte developer skills to learn","roadmap_svelte_developer","learning_path","https://skillbun.tech/roadmap/svelte_developer","P2","English","tech students and self-taught learners","candidate_catalog_grounded","public/data/roadmaps/svelte_developer.json: title; description; learn; tree","Review visible role overview; learning sequence; prerequisites; and topical resources. Use one canonical page for related terms","not_measured","2026-10-03"
"svelte developer prerequisites","roadmap_svelte_developer","learning_path","https://skillbun.tech/roadmap/svelte_developer","P2","English","tech students and self-taught learners","candidate_catalog_grounded","public/data/roadmaps/svelte_developer.json: title; description; learn; tree","Review visible role overview; learning sequence; prerequisites; and topical resources. Use one canonical page for related terms","not_measured","2026-10-03"
"sveltekit learning path","roadmap_svelte_developer","learning_path","https://skillbun.tech/roadmap/svelte_developer","P2","English","tech students and self-taught learners","candidate_catalog_grounded","public/data/roadmaps/svelte_developer.json: title; description; learn; tree","Review visible role overview; learning sequence; prerequisites; and topical resources. Use one canonical page for related terms","not_measured","2026-10-03"
"svelte 5 roadmap","roadmap_svelte_developer","learning_path","https://skillbun.tech/roadmap/svelte_developer","P2","English","tech students and self-taught learners","candidate_catalog_grounded","public/data/roadmaps/svelte_developer.json: title; description; learn; tree","Review visible role overview; learning sequence; prerequisites; and topical resources. Use one canonical page for related terms","not_measured","2026-10-03"
"technical artist roadmap","roadmap_technical_artist","learning_path","https://skillbun.tech/roadmap/technical_artist","P2","English","tech students and self-taught learners","candidate_catalog_grounded","public/data/roadmaps/technical_artist.json: title; description; learn; tree","Review visible role overview; learning sequence; prerequisites; and topical resources. Use one canonical page for related terms","not_measured","2026-10-03"
"technical artist learning path","roadmap_technical_artist","learning_path","https://skillbun.tech/roadmap/technical_artist","P2","English","tech students and self-taught learners","candidate_catalog_grounded","public/data/roadmaps/technical_artist.json: title; description; learn; tree","Review visible role overview; learning sequence; prerequisites; and topical resources. Use one canonical page for related terms","not_measured","2026-10-03"
"technical artist skills to learn","roadmap_technical_artist","learning_path","https://skillbun.tech/roadmap/technical_artist","P2","English","tech students and self-taught learners","candidate_catalog_grounded","public/data/roadmaps/technical_artist.json: title; description; learn; tree","Review visible role overview; learning sequence; prerequisites; and topical resources. Use one canonical page for related terms","not_measured","2026-10-03"
"technical artist prerequisites","roadmap_technical_artist","learning_path","https://skillbun.tech/roadmap/technical_artist","P2","English","tech students and self-taught learners","candidate_catalog_grounded","public/data/roadmaps/technical_artist.json: title; description; learn; tree","Review visible role overview; learning sequence; prerequisites; and topical resources. Use one canonical page for related terms","not_measured","2026-10-03"
"game technical artist learning path","roadmap_technical_artist","learning_path","https://skillbun.tech/roadmap/technical_artist","P2","English","tech students and self-taught learners","candidate_catalog_grounded","public/data/roadmaps/technical_artist.json: title; description; learn; tree","Review visible role overview; learning sequence; prerequisites; and topical resources. Use one canonical page for related terms","not_measured","2026-10-03"
"shader development roadmap","roadmap_technical_artist","learning_path","https://skillbun.tech/roadmap/technical_artist","P2","English","tech students and self-taught learners","candidate_catalog_grounded","public/data/roadmaps/technical_artist.json: title; description; learn; tree","Review visible role overview; learning sequence; prerequisites; and topical resources. Use one canonical page for related terms","not_measured","2026-10-03"
"technical support engineer roadmap","roadmap_technical_support_engineer","learning_path","https://skillbun.tech/roadmap/technical_support_engineer","P2","English","tech students and self-taught learners","candidate_catalog_grounded","public/data/roadmaps/technical_support_engineer.json: title; description; learn; tree","Review visible role overview; learning sequence; prerequisites; and topical resources. Use one canonical page for related terms","not_measured","2026-10-03"
"technical support engineer learning path","roadmap_technical_support_engineer","learning_path","https://skillbun.tech/roadmap/technical_support_engineer","P2","English","tech students and self-taught learners","candidate_catalog_grounded","public/data/roadmaps/technical_support_engineer.json: title; description; learn; tree","Review visible role overview; learning sequence; prerequisites; and topical resources. Use one canonical page for related terms","not_measured","2026-10-03"
"technical support engineer skills to learn","roadmap_technical_support_engineer","learning_path","https://skillbun.tech/roadmap/technical_support_engineer","P2","English","tech students and self-taught learners","candidate_catalog_grounded","public/data/roadmaps/technical_support_engineer.json: title; description; learn; tree","Review visible role overview; learning sequence; prerequisites; and topical resources. Use one canonical page for related terms","not_measured","2026-10-03"
"technical support engineer prerequisites","roadmap_technical_support_engineer","learning_path","https://skillbun.tech/roadmap/technical_support_engineer","P2","English","tech students and self-taught learners","candidate_catalog_grounded","public/data/roadmaps/technical_support_engineer.json: title; description; learn; tree","Review visible role overview; learning sequence; prerequisites; and topical resources. Use one canonical page for related terms","not_measured","2026-10-03"
"application support engineer learning path","roadmap_technical_support_engineer","learning_path","https://skillbun.tech/roadmap/technical_support_engineer","P2","English","tech students and self-taught learners","candidate_catalog_grounded","public/data/roadmaps/technical_support_engineer.json: title; description; learn; tree","Review visible role overview; learning sequence; prerequisites; and topical resources. Use one canonical page for related terms","not_measured","2026-10-03"
"technical support troubleshooting skills","roadmap_technical_support_engineer","learning_path","https://skillbun.tech/roadmap/technical_support_engineer","P2","English","tech students and self-taught learners","candidate_catalog_grounded","public/data/roadmaps/technical_support_engineer.json: title; description; learn; tree","Review visible role overview; learning sequence; prerequisites; and topical resources. Use one canonical page for related terms","not_measured","2026-10-03"
"technical writer roadmap","roadmap_technical_writing","learning_path","https://skillbun.tech/roadmap/technical_writing","P2","English","tech students and self-taught learners","candidate_catalog_grounded","public/data/roadmaps/technical_writing.json: title; description; learn; tree","Review visible role overview; learning sequence; prerequisites; and topical resources. Use one canonical page for related terms","not_measured","2026-10-03"
"technical writer learning path","roadmap_technical_writing","learning_path","https://skillbun.tech/roadmap/technical_writing","P2","English","tech students and self-taught learners","candidate_catalog_grounded","public/data/roadmaps/technical_writing.json: title; description; learn; tree","Review visible role overview; learning sequence; prerequisites; and topical resources. Use one canonical page for related terms","not_measured","2026-10-03"
"technical writer skills to learn","roadmap_technical_writing","learning_path","https://skillbun.tech/roadmap/technical_writing","P2","English","tech students and self-taught learners","candidate_catalog_grounded","public/data/roadmaps/technical_writing.json: title; description; learn; tree","Review visible role overview; learning sequence; prerequisites; and topical resources. Use one canonical page for related terms","not_measured","2026-10-03"
"technical writer prerequisites","roadmap_technical_writing","learning_path","https://skillbun.tech/roadmap/technical_writing","P2","English","tech students and self-taught learners","candidate_catalog_grounded","public/data/roadmaps/technical_writing.json: title; description; learn; tree","Review visible role overview; learning sequence; prerequisites; and topical resources. Use one canonical page for related terms","not_measured","2026-10-03"
"developer documentation learning path","roadmap_technical_writing","learning_path","https://skillbun.tech/roadmap/technical_writing","P2","English","tech students and self-taught learners","candidate_catalog_grounded","public/data/roadmaps/technical_writing.json: title; description; learn; tree","Review visible role overview; learning sequence; prerequisites; and topical resources. Use one canonical page for related terms","not_measured","2026-10-03"
"api technical writing skills","roadmap_technical_writing","learning_path","https://skillbun.tech/roadmap/technical_writing","P2","English","tech students and self-taught learners","candidate_catalog_grounded","public/data/roadmaps/technical_writing.json: title; description; learn; tree","Review visible role overview; learning sequence; prerequisites; and topical resources. Use one canonical page for related terms","not_measured","2026-10-03"
"terraform roadmap","roadmap_terraform_iac_engineer","learning_path","https://skillbun.tech/roadmap/terraform_iac_engineer","P2","English","tech students and self-taught learners","candidate_catalog_grounded","public/data/roadmaps/terraform_iac_engineer.json: title; description; learn; tree","Review visible role overview; learning sequence; prerequisites; and topical resources. Use one canonical page for related terms","not_measured","2026-10-03"
"terraform iac engineer learning path","roadmap_terraform_iac_engineer","learning_path","https://skillbun.tech/roadmap/terraform_iac_engineer","P2","English","tech students and self-taught learners","candidate_catalog_grounded","public/data/roadmaps/terraform_iac_engineer.json: title; description; learn; tree","Review visible role overview; learning sequence; prerequisites; and topical resources. Use one canonical page for related terms","not_measured","2026-10-03"
"terraform iac engineer skills to learn","roadmap_terraform_iac_engineer","learning_path","https://skillbun.tech/roadmap/terraform_iac_engineer","P2","English","tech students and self-taught learners","candidate_catalog_grounded","public/data/roadmaps/terraform_iac_engineer.json: title; description; learn; tree","Review visible role overview; learning sequence; prerequisites; and topical resources. Use one canonical page for related terms","not_measured","2026-10-03"
"terraform iac engineer prerequisites","roadmap_terraform_iac_engineer","learning_path","https://skillbun.tech/roadmap/terraform_iac_engineer","P2","English","tech students and self-taught learners","candidate_catalog_grounded","public/data/roadmaps/terraform_iac_engineer.json: title; description; learn; tree","Review visible role overview; learning sequence; prerequisites; and topical resources. Use one canonical page for related terms","not_measured","2026-10-03"
"infrastructure as code learning path","roadmap_terraform_iac_engineer","learning_path","https://skillbun.tech/roadmap/terraform_iac_engineer","P2","English","tech students and self-taught learners","candidate_catalog_grounded","public/data/roadmaps/terraform_iac_engineer.json: title; description; learn; tree","Review visible role overview; learning sequence; prerequisites; and topical resources. Use one canonical page for related terms","not_measured","2026-10-03"
"terraform engineer skills","roadmap_terraform_iac_engineer","learning_path","https://skillbun.tech/roadmap/terraform_iac_engineer","P2","English","tech students and self-taught learners","candidate_catalog_grounded","public/data/roadmaps/terraform_iac_engineer.json: title; description; learn; tree","Review visible role overview; learning sequence; prerequisites; and topical resources. Use one canonical page for related terms","not_measured","2026-10-03"
"threat intelligence analyst roadmap","roadmap_threat_intelligence_analyst","learning_path","https://skillbun.tech/roadmap/threat_intelligence_analyst","P2","English","tech students and self-taught learners","candidate_catalog_grounded","public/data/roadmaps/threat_intelligence_analyst.json: title; description; learn; tree","Review visible role overview; learning sequence; prerequisites; and topical resources. Use one canonical page for related terms","not_measured","2026-10-03"
"threat intelligence analyst learning path","roadmap_threat_intelligence_analyst","learning_path","https://skillbun.tech/roadmap/threat_intelligence_analyst","P2","English","tech students and self-taught learners","candidate_catalog_grounded","public/data/roadmaps/threat_intelligence_analyst.json: title; description; learn; tree","Review visible role overview; learning sequence; prerequisites; and topical resources. Use one canonical page for related terms","not_measured","2026-10-03"
"threat intelligence analyst skills to learn","roadmap_threat_intelligence_analyst","learning_path","https://skillbun.tech/roadmap/threat_intelligence_analyst","P2","English","tech students and self-taught learners","candidate_catalog_grounded","public/data/roadmaps/threat_intelligence_analyst.json: title; description; learn; tree","Review visible role overview; learning sequence; prerequisites; and topical resources. Use one canonical page for related terms","not_measured","2026-10-03"
"threat intelligence analyst prerequisites","roadmap_threat_intelligence_analyst","learning_path","https://skillbun.tech/roadmap/threat_intelligence_analyst","P2","English","tech students and self-taught learners","candidate_catalog_grounded","public/data/roadmaps/threat_intelligence_analyst.json: title; description; learn; tree","Review visible role overview; learning sequence; prerequisites; and topical resources. Use one canonical page for related terms","not_measured","2026-10-03"
"cyber threat intelligence learning path","roadmap_threat_intelligence_analyst","learning_path","https://skillbun.tech/roadmap/threat_intelligence_analyst","P2","English","tech students and self-taught learners","candidate_catalog_grounded","public/data/roadmaps/threat_intelligence_analyst.json: title; description; learn; tree","Review visible role overview; learning sequence; prerequisites; and topical resources. Use one canonical page for related terms","not_measured","2026-10-03"
"threat intelligence analysis skills","roadmap_threat_intelligence_analyst","learning_path","https://skillbun.tech/roadmap/threat_intelligence_analyst","P2","English","tech students and self-taught learners","candidate_catalog_grounded","public/data/roadmaps/threat_intelligence_analyst.json: title; description; learn; tree","Review visible role overview; learning sequence; prerequisites; and topical resources. Use one canonical page for related terms","not_measured","2026-10-03"
"ui ux designer roadmap","roadmap_ui_ux_design","learning_path","https://skillbun.tech/roadmap/ui_ux_design","P1","English","tech students and self-taught learners","candidate_catalog_grounded","public/data/roadmaps/ui_ux_design.json: title; description; learn; tree","Review visible role overview; learning sequence; prerequisites; and topical resources. Use one canonical page for related terms","not_measured","2026-10-03"
"ui ux designer learning path","roadmap_ui_ux_design","learning_path","https://skillbun.tech/roadmap/ui_ux_design","P1","English","tech students and self-taught learners","candidate_catalog_grounded","public/data/roadmaps/ui_ux_design.json: title; description; learn; tree","Review visible role overview; learning sequence; prerequisites; and topical resources. Use one canonical page for related terms","not_measured","2026-10-03"
"ui ux designer skills to learn","roadmap_ui_ux_design","learning_path","https://skillbun.tech/roadmap/ui_ux_design","P1","English","tech students and self-taught learners","candidate_catalog_grounded","public/data/roadmaps/ui_ux_design.json: title; description; learn; tree","Review visible role overview; learning sequence; prerequisites; and topical resources. Use one canonical page for related terms","not_measured","2026-10-03"
"ui ux designer prerequisites","roadmap_ui_ux_design","learning_path","https://skillbun.tech/roadmap/ui_ux_design","P1","English","tech students and self-taught learners","candidate_catalog_grounded","public/data/roadmaps/ui_ux_design.json: title; description; learn; tree","Review visible role overview; learning sequence; prerequisites; and topical resources. Use one canonical page for related terms","not_measured","2026-10-03"
"ux design learning path","roadmap_ui_ux_design","learning_path","https://skillbun.tech/roadmap/ui_ux_design","P1","English","tech students and self-taught learners","candidate_catalog_grounded","public/data/roadmaps/ui_ux_design.json: title; description; learn; tree","Review visible role overview; learning sequence; prerequisites; and topical resources. Use one canonical page for related terms","not_measured","2026-10-03"
"figma ui ux roadmap","roadmap_ui_ux_design","learning_path","https://skillbun.tech/roadmap/ui_ux_design","P1","English","tech students and self-taught learners","candidate_catalog_grounded","public/data/roadmaps/ui_ux_design.json: title; description; learn; tree","Review visible role overview; learning sequence; prerequisites; and topical resources. Use one canonical page for related terms","not_measured","2026-10-03"
"unity developer roadmap","roadmap_unity_developer","learning_path","https://skillbun.tech/roadmap/unity_developer","P2","English","tech students and self-taught learners","candidate_catalog_grounded","public/data/roadmaps/unity_developer.json: title; description; learn; tree","Review visible role overview; learning sequence; prerequisites; and topical resources. Use one canonical page for related terms","not_measured","2026-10-03"
"unity developer learning path","roadmap_unity_developer","learning_path","https://skillbun.tech/roadmap/unity_developer","P2","English","tech students and self-taught learners","candidate_catalog_grounded","public/data/roadmaps/unity_developer.json: title; description; learn; tree","Review visible role overview; learning sequence; prerequisites; and topical resources. Use one canonical page for related terms","not_measured","2026-10-03"
"unity developer skills to learn","roadmap_unity_developer","learning_path","https://skillbun.tech/roadmap/unity_developer","P2","English","tech students and self-taught learners","candidate_catalog_grounded","public/data/roadmaps/unity_developer.json: title; description; learn; tree","Review visible role overview; learning sequence; prerequisites; and topical resources. Use one canonical page for related terms","not_measured","2026-10-03"
"unity developer prerequisites","roadmap_unity_developer","learning_path","https://skillbun.tech/roadmap/unity_developer","P2","English","tech students and self-taught learners","candidate_catalog_grounded","public/data/roadmaps/unity_developer.json: title; description; learn; tree","Review visible role overview; learning sequence; prerequisites; and topical resources. Use one canonical page for related terms","not_measured","2026-10-03"
"unity game development learning path","roadmap_unity_developer","learning_path","https://skillbun.tech/roadmap/unity_developer","P2","English","tech students and self-taught learners","candidate_catalog_grounded","public/data/roadmaps/unity_developer.json: title; description; learn; tree","Review visible role overview; learning sequence; prerequisites; and topical resources. Use one canonical page for related terms","not_measured","2026-10-03"
"c# unity roadmap","roadmap_unity_developer","learning_path","https://skillbun.tech/roadmap/unity_developer","P2","English","tech students and self-taught learners","candidate_catalog_grounded","public/data/roadmaps/unity_developer.json: title; description; learn; tree","Review visible role overview; learning sequence; prerequisites; and topical resources. Use one canonical page for related terms","not_measured","2026-10-03"
"unreal engine developer roadmap","roadmap_unreal_engine_developer","learning_path","https://skillbun.tech/roadmap/unreal_engine_developer","P2","English","tech students and self-taught learners","candidate_catalog_grounded","public/data/roadmaps/unreal_engine_developer.json: title; description; learn; tree","Review visible role overview; learning sequence; prerequisites; and topical resources. Use one canonical page for related terms","not_measured","2026-10-03"
"unreal engine developer learning path","roadmap_unreal_engine_developer","learning_path","https://skillbun.tech/roadmap/unreal_engine_developer","P2","English","tech students and self-taught learners","candidate_catalog_grounded","public/data/roadmaps/unreal_engine_developer.json: title; description; learn; tree","Review visible role overview; learning sequence; prerequisites; and topical resources. Use one canonical page for related terms","not_measured","2026-10-03"
"unreal engine developer skills to learn","roadmap_unreal_engine_developer","learning_path","https://skillbun.tech/roadmap/unreal_engine_developer","P2","English","tech students and self-taught learners","candidate_catalog_grounded","public/data/roadmaps/unreal_engine_developer.json: title; description; learn; tree","Review visible role overview; learning sequence; prerequisites; and topical resources. Use one canonical page for related terms","not_measured","2026-10-03"
"unreal engine developer prerequisites","roadmap_unreal_engine_developer","learning_path","https://skillbun.tech/roadmap/unreal_engine_developer","P2","English","tech students and self-taught learners","candidate_catalog_grounded","public/data/roadmaps/unreal_engine_developer.json: title; description; learn; tree","Review visible role overview; learning sequence; prerequisites; and topical resources. Use one canonical page for related terms","not_measured","2026-10-03"
"unreal engine 5 learning path","roadmap_unreal_engine_developer","learning_path","https://skillbun.tech/roadmap/unreal_engine_developer","P2","English","tech students and self-taught learners","candidate_catalog_grounded","public/data/roadmaps/unreal_engine_developer.json: title; description; learn; tree","Review visible role overview; learning sequence; prerequisites; and topical resources. Use one canonical page for related terms","not_measured","2026-10-03"
"unreal c++ game development roadmap","roadmap_unreal_engine_developer","learning_path","https://skillbun.tech/roadmap/unreal_engine_developer","P2","English","tech students and self-taught learners","candidate_catalog_grounded","public/data/roadmaps/unreal_engine_developer.json: title; description; learn; tree","Review visible role overview; learning sequence; prerequisites; and topical resources. Use one canonical page for related terms","not_measured","2026-10-03"
"ux researcher roadmap","roadmap_ux_researcher","learning_path","https://skillbun.tech/roadmap/ux_researcher","P2","English","tech students and self-taught learners","candidate_catalog_grounded","public/data/roadmaps/ux_researcher.json: title; description; learn; tree","Review visible role overview; learning sequence; prerequisites; and topical resources. Use one canonical page for related terms","not_measured","2026-10-03"
"ux researcher learning path","roadmap_ux_researcher","learning_path","https://skillbun.tech/roadmap/ux_researcher","P2","English","tech students and self-taught learners","candidate_catalog_grounded","public/data/roadmaps/ux_researcher.json: title; description; learn; tree","Review visible role overview; learning sequence; prerequisites; and topical resources. Use one canonical page for related terms","not_measured","2026-10-03"
"ux researcher skills to learn","roadmap_ux_researcher","learning_path","https://skillbun.tech/roadmap/ux_researcher","P2","English","tech students and self-taught learners","candidate_catalog_grounded","public/data/roadmaps/ux_researcher.json: title; description; learn; tree","Review visible role overview; learning sequence; prerequisites; and topical resources. Use one canonical page for related terms","not_measured","2026-10-03"
"ux researcher prerequisites","roadmap_ux_researcher","learning_path","https://skillbun.tech/roadmap/ux_researcher","P2","English","tech students and self-taught learners","candidate_catalog_grounded","public/data/roadmaps/ux_researcher.json: title; description; learn; tree","Review visible role overview; learning sequence; prerequisites; and topical resources. Use one canonical page for related terms","not_measured","2026-10-03"
"user research learning path","roadmap_ux_researcher","learning_path","https://skillbun.tech/roadmap/ux_researcher","P2","English","tech students and self-taught learners","candidate_catalog_grounded","public/data/roadmaps/ux_researcher.json: title; description; learn; tree","Review visible role overview; learning sequence; prerequisites; and topical resources. Use one canonical page for related terms","not_measured","2026-10-03"
"ux research methods roadmap","roadmap_ux_researcher","learning_path","https://skillbun.tech/roadmap/ux_researcher","P2","English","tech students and self-taught learners","candidate_catalog_grounded","public/data/roadmaps/ux_researcher.json: title; description; learn; tree","Review visible role overview; learning sequence; prerequisites; and topical resources. Use one canonical page for related terms","not_measured","2026-10-03"
"vue developer roadmap","roadmap_vue_developer","learning_path","https://skillbun.tech/roadmap/vue_developer","P2","English","tech students and self-taught learners","candidate_catalog_grounded","public/data/roadmaps/vue_developer.json: title; description; learn; tree","Review visible role overview; learning sequence; prerequisites; and topical resources. Use one canonical page for related terms","not_measured","2026-10-03"
"vue developer learning path","roadmap_vue_developer","learning_path","https://skillbun.tech/roadmap/vue_developer","P2","English","tech students and self-taught learners","candidate_catalog_grounded","public/data/roadmaps/vue_developer.json: title; description; learn; tree","Review visible role overview; learning sequence; prerequisites; and topical resources. Use one canonical page for related terms","not_measured","2026-10-03"
"vue developer skills to learn","roadmap_vue_developer","learning_path","https://skillbun.tech/roadmap/vue_developer","P2","English","tech students and self-taught learners","candidate_catalog_grounded","public/data/roadmaps/vue_developer.json: title; description; learn; tree","Review visible role overview; learning sequence; prerequisites; and topical resources. Use one canonical page for related terms","not_measured","2026-10-03"
"vue developer prerequisites","roadmap_vue_developer","learning_path","https://skillbun.tech/roadmap/vue_developer","P2","English","tech students and self-taught learners","candidate_catalog_grounded","public/data/roadmaps/vue_developer.json: title; description; learn; tree","Review visible role overview; learning sequence; prerequisites; and topical resources. Use one canonical page for related terms","not_measured","2026-10-03"
"vue js learning path","roadmap_vue_developer","learning_path","https://skillbun.tech/roadmap/vue_developer","P2","English","tech students and self-taught learners","candidate_catalog_grounded","public/data/roadmaps/vue_developer.json: title; description; learn; tree","Review visible role overview; learning sequence; prerequisites; and topical resources. Use one canonical page for related terms","not_measured","2026-10-03"
"vue and nuxt roadmap","roadmap_vue_developer","learning_path","https://skillbun.tech/roadmap/vue_developer","P2","English","tech students and self-taught learners","candidate_catalog_grounded","public/data/roadmaps/vue_developer.json: title; description; learn; tree","Review visible role overview; learning sequence; prerequisites; and topical resources. Use one canonical page for related terms","not_measured","2026-10-03"
"windows app developer roadmap","roadmap_windows_app_developer","learning_path","https://skillbun.tech/roadmap/windows_app_developer","P2","English","tech students and self-taught learners","candidate_catalog_grounded","public/data/roadmaps/windows_app_developer.json: title; description; learn; tree","Review visible role overview; learning sequence; prerequisites; and topical resources. Use one canonical page for related terms","not_measured","2026-10-03"
"windows app developer learning path","roadmap_windows_app_developer","learning_path","https://skillbun.tech/roadmap/windows_app_developer","P2","English","tech students and self-taught learners","candidate_catalog_grounded","public/data/roadmaps/windows_app_developer.json: title; description; learn; tree","Review visible role overview; learning sequence; prerequisites; and topical resources. Use one canonical page for related terms","not_measured","2026-10-03"
"windows app developer skills to learn","roadmap_windows_app_developer","learning_path","https://skillbun.tech/roadmap/windows_app_developer","P2","English","tech students and self-taught learners","candidate_catalog_grounded","public/data/roadmaps/windows_app_developer.json: title; description; learn; tree","Review visible role overview; learning sequence; prerequisites; and topical resources. Use one canonical page for related terms","not_measured","2026-10-03"
"windows app developer prerequisites","roadmap_windows_app_developer","learning_path","https://skillbun.tech/roadmap/windows_app_developer","P2","English","tech students and self-taught learners","candidate_catalog_grounded","public/data/roadmaps/windows_app_developer.json: title; description; learn; tree","Review visible role overview; learning sequence; prerequisites; and topical resources. Use one canonical page for related terms","not_measured","2026-10-03"
"winui 3 learning path","roadmap_windows_app_developer","learning_path","https://skillbun.tech/roadmap/windows_app_developer","P2","English","tech students and self-taught learners","candidate_catalog_grounded","public/data/roadmaps/windows_app_developer.json: title; description; learn; tree","Review visible role overview; learning sequence; prerequisites; and topical resources. Use one canonical page for related terms","not_measured","2026-10-03"
"c# windows desktop development roadmap","roadmap_windows_app_developer","learning_path","https://skillbun.tech/roadmap/windows_app_developer","P2","English","tech students and self-taught learners","candidate_catalog_grounded","public/data/roadmaps/windows_app_developer.json: title; description; learn; tree","Review visible role overview; learning sequence; prerequisites; and topical resources. Use one canonical page for related terms","not_measured","2026-10-03"
"wordpress developer roadmap","roadmap_wordpress_developer","learning_path","https://skillbun.tech/roadmap/wordpress_developer","P2","English","tech students and self-taught learners","candidate_catalog_grounded","public/data/roadmaps/wordpress_developer.json: title; description; learn; tree","Review visible role overview; learning sequence; prerequisites; and topical resources. Use one canonical page for related terms","not_measured","2026-10-03"
"wordpress developer learning path","roadmap_wordpress_developer","learning_path","https://skillbun.tech/roadmap/wordpress_developer","P2","English","tech students and self-taught learners","candidate_catalog_grounded","public/data/roadmaps/wordpress_developer.json: title; description; learn; tree","Review visible role overview; learning sequence; prerequisites; and topical resources. Use one canonical page for related terms","not_measured","2026-10-03"
"wordpress developer skills to learn","roadmap_wordpress_developer","learning_path","https://skillbun.tech/roadmap/wordpress_developer","P2","English","tech students and self-taught learners","candidate_catalog_grounded","public/data/roadmaps/wordpress_developer.json: title; description; learn; tree","Review visible role overview; learning sequence; prerequisites; and topical resources. Use one canonical page for related terms","not_measured","2026-10-03"
"wordpress developer prerequisites","roadmap_wordpress_developer","learning_path","https://skillbun.tech/roadmap/wordpress_developer","P2","English","tech students and self-taught learners","candidate_catalog_grounded","public/data/roadmaps/wordpress_developer.json: title; description; learn; tree","Review visible role overview; learning sequence; prerequisites; and topical resources. Use one canonical page for related terms","not_measured","2026-10-03"
"wordpress plugin development learning path","roadmap_wordpress_developer","learning_path","https://skillbun.tech/roadmap/wordpress_developer","P2","English","tech students and self-taught learners","candidate_catalog_grounded","public/data/roadmaps/wordpress_developer.json: title; description; learn; tree","Review visible role overview; learning sequence; prerequisites; and topical resources. Use one canonical page for related terms","not_measured","2026-10-03"
"gutenberg block developer roadmap","roadmap_wordpress_developer","learning_path","https://skillbun.tech/roadmap/wordpress_developer","P2","English","tech students and self-taught learners","candidate_catalog_grounded","public/data/roadmaps/wordpress_developer.json: title; description; learn; tree","Review visible role overview; learning sequence; prerequisites; and topical resources. Use one canonical page for related terms","not_measured","2026-10-03"
"free frontend developer roadmap","free_skillbun_access","learning_path","https://skillbun.tech/roadmap/frontend","P1","English","tech students and self-taught learners","candidate_product_grounded","app/about/page.jsx; public/data/roadmaps/frontend.json","Qualify free SkillBun roadmap access; external resources and vendor exams may have costs","not_measured","2026-10-03"
"free backend developer roadmap","free_skillbun_access","learning_path","https://skillbun.tech/roadmap/backend","P1","English","tech students and self-taught learners","candidate_product_grounded","app/about/page.jsx; public/data/roadmaps/backend.json","Qualify free SkillBun roadmap access; external resources and vendor exams may have costs","not_measured","2026-10-03"
"free full stack developer roadmap","free_skillbun_access","learning_path","https://skillbun.tech/roadmap/fullstack","P1","English","tech students and self-taught learners","candidate_product_grounded","app/about/page.jsx; public/data/roadmaps/fullstack.json","Qualify free SkillBun roadmap access; external resources and vendor exams may have costs","not_measured","2026-10-03"
"free python developer roadmap","free_skillbun_access","learning_path","https://skillbun.tech/roadmap/python_developer","P1","English","tech students and self-taught learners","candidate_product_grounded","app/about/page.jsx; public/data/roadmaps/python_developer.json","Qualify free SkillBun roadmap access; external resources and vendor exams may have costs","not_measured","2026-10-03"
"free data scientist roadmap","free_skillbun_access","learning_path","https://skillbun.tech/roadmap/data_science","P1","English","tech students and self-taught learners","candidate_product_grounded","app/about/page.jsx; public/data/roadmaps/data_science.json","Qualify free SkillBun roadmap access; external resources and vendor exams may have costs","not_measured","2026-10-03"
"free ai ml engineer roadmap","free_skillbun_access","learning_path","https://skillbun.tech/roadmap/ai_ml_engineer","P1","English","tech students and self-taught learners","candidate_product_grounded","app/about/page.jsx; public/data/roadmaps/ai_ml_engineer.json","Qualify free SkillBun roadmap access; external resources and vendor exams may have costs","not_measured","2026-10-03"
"free cybersecurity specialist roadmap","free_skillbun_access","learning_path","https://skillbun.tech/roadmap/cybersecurity","P1","English","tech students and self-taught learners","candidate_product_grounded","app/about/page.jsx; public/data/roadmaps/cybersecurity.json","Qualify free SkillBun roadmap access; external resources and vendor exams may have costs","not_measured","2026-10-03"
"free devops & cloud engineer roadmap","free_skillbun_access","learning_path","https://skillbun.tech/roadmap/devops_cloud","P1","English","tech students and self-taught learners","candidate_product_grounded","app/about/page.jsx; public/data/roadmaps/devops_cloud.json","Qualify free SkillBun roadmap access; external resources and vendor exams may have costs","not_measured","2026-10-03"
"free ui ux designer roadmap","free_skillbun_access","learning_path","https://skillbun.tech/roadmap/ui_ux_design","P1","English","tech students and self-taught learners","candidate_product_grounded","app/about/page.jsx; public/data/roadmaps/ui_ux_design.json","Qualify free SkillBun roadmap access; external resources and vendor exams may have costs","not_measured","2026-10-03"
